id;chr;source;start;stop;strand;parent_id;parent_name;parent_biotype;sequence;symbol;rfam_family;target_type;target
ENSDARG00000084828;4;ensembl;393766;393902;1;ENSDARG00000025073;rpl18a;protein_coding;CGAGCACACAAACCCAAAGGTCATCTCTCCATCATGTCTTGCCCTTGCTATGTGTGCGCAAAGCAAACGGAACCTTGTCGCCTTTCATGGGCTGTGTGTTGACGTGCCTCTGGAAGTGAATTCAAGGAGCCACATCT;BX890562.1;SNORA68;;
ENSDARG00000081623;7;ensembl;24072381;24072484;1;ENSDARG00000026842;acin1b;protein_coding;TTCCAGTGATGAGCCTGCCATGCTAATACTGATGCACCAGTGTTTTGCACTGGGTGAATGTGAGTTAACTTAACTTCTCACACTTGCAGTGTGCTCTGAGGAAA;CR388231.2;snoU6-53;;
ENSDARG00000083434;7;ensembl;24074861;24074975;1;ENSDARG00000026842;acin1b;protein_coding;TTCCAATGATGAGCCTGCCATGCTAATACTGATGCACCAGAGTTTGACTGTGTCTCACACTGGGTGTAAGTGTGTTCAACTAAACTTCTCACACTTGCAGTGTGCTCTGAGGAAA;CR388231.3;snoU6-53;;
ENSDARG00000080493;7;ensembl;24076711;24076821;1;ENSDARG00000026842;acin1b;protein_coding;TTCTGATGATGAGCCAGCCATGCTAATACTGATGCACCAGTCTGACTGTGTCTCTCTGGGTGTAAGTGAGTTCAACACAACTTCTCACACTCGTGGTGTGATCTGAAGATG;CR388231.1;snoU6-53;;
ENSDARG00000082611;7;ensembl;65151737;65151917;1;ENSDARG00000035751;ipo7;protein_coding;GGTGAATGGTGTGCGTAGTGTCCGTCTGCGTTTAGTGCCGTCTCCGGTCTGTGTCTTACAGGCTGTGGGACGGTTCTCACACCGCACTCACGGCCACAGAGCCACCGGAGATCATAGTACTGGCCTAGTGTTGTCTAAATGACCATCCACCACTGACCAGCCTCCATAGTCTCCAACAAAA;SNORA23;SNORA23;;
ENSDARG00000082440;7;ensembl;25043010;25043080;1;ENSDARG00000103682;si:dkey-23i12.5;processed_transcript;ATAGGTGTGATGATTTTAGATTACCGCCCCAGTCTGATTTATCTGACTGATTGGTACCCCTCTGAACCTTT;AL954715.5;SNORD31;;
ENSDARG00000080698;7;ensembl;25045182;25045246;1;ENSDARG00000103682;si:dkey-23i12.5;processed_transcript;TCTCTGTGATGAAGAAACTTAGCTCACTTTGACCCAATGTGAAAAGTCACGAACAACTGAGAGAT;AL954715.3;SNORD29;;
ENSDARG00000080156;7;ensembl;25045410;25045479;1;ENSDARG00000103682;si:dkey-23i12.5;processed_transcript;ACTTATGATGATTTTCATTGGAATCTCGTTCGTCTGAATTCCTGCTGATATCTTTTAAATACTGATGTTA;SNORD30;SNORD30;;
ENSDARG00000083784;7;ensembl;25045848;25045974;1;ENSDARG00000103682;si:dkey-23i12.5;processed_transcript;CTTTTATGATGCAACTCGCACACGTCTTACGCCCTGTGTCAATGCCAGAACCTGAAAAGGTGAACCCACTGGTGTGTCCTGGGCAATAAGGGGATGATCCGTTGGGGTTTCCAACAGTCTGAGAAGC;SNORD22;SNORD22;;
ENSDARG00000080531;7;ensembl;25046139;25046208;1;ENSDARG00000103682;si:dkey-23i12.5;processed_transcript;ATAGGCATGATGATCTTAGATTACCGCCCCAGTCTGATTTATCTGACTGATTGGTACCCCTCTGACCTCT;AL954715.2;SNORD31;;
ENSDARG00000082087;7;ensembl;25046348;25046421;1;ENSDARG00000103682;si:dkey-23i12.5;processed_transcript;TATGGACATGATGAGTGACTATTACCGCCCCAGGCTGAAAAGTTATGACTGATTGGTATCCCCTCTGATCCATA;AL954715.4;SNORD31;;
ENSDARG00000081103;7;ensembl;26513822;26513960;-1;ENSDARG00000092115;eif4a1a;protein_coding;GTTTTGTGATGATCCCCATGCGTGTCAACTGATCCCAGACTCCCTGCAGTGCTCAATGTCTGATGAGCGTTTTGCTCAACAGTGCATTTTGAGCCTGTAGGACTCTGGGAACTTGATCTTAACTTTTAAATCTGAAAAC;CR848032.1;SNORD10;;
ENSDARG00000083158;7;ensembl;58748945;58749013;1;ENSDARG00000036044;rps20;processed_transcript;TGGCTATGAGGATAAAATTGTATGAACGACTTAAACATGAGTTATATCATACGCTATTCTGAGCCCTTT;SNORD54;snoU54;;
ENSDARG00000103500;7;ensembl;59157559;59157689;-1;ENSDARG00000101652;haus6;protein_coding;TGGGAAACTGATACAAGGGCAGTGTTAAGCAGTACTCTACCCTTCACAAGTTTTCCCTATATCAAACCTGCTCTCTGATGACCGGTGCGAGTTGAGAGAAATCGCCACGGACAGATACGGGGCAGACATAC;SCARNA8;SCARNA8;;
ENSDARG00000080351;7;ensembl;27043715;27043842;1;ENSDARG00000036298;rps13;protein_coding;GTGCACATTTCATTGTCCCATTCTTCCCATGTAAGAACTGAGATATTTCTTATGTGCTAGATAAACTCTGGAGGTAAATTAGCAGTTTGGCTTCATTGTGCCTCACTGCCAGTCCCCTTCATACAATA;BX927397.1;SNORA19;;
ENSDARG00000104104;7;ensembl;67471357;67471438;1;ENSDARG00000099380;rpl13;protein_coding;TGATGACAATTCTCCGGAATCTCTGTACTTCCTTGATGATCCACTTTGAACCCTTTTTGCTGATGACTGTATTTGACTCGTG;nan;;;
ENSDARG00000100318;7;ensembl;67473392;67473474;1;ENSDARG00000099380;rpl13;protein_coding;TGATGACGGCTTTCTCCGGAATCTCTGCACATCCTTGATGACTTTTGAACCCTTTTCTGGCTGATGACTGCAGTTTATTCAGC;CU683900.1;snoMBII-202;;
ENSDARG00000102909;7;ensembl;67476155;67476231;1;ENSDARG00000099380;rpl13;protein_coding;TGATGACAATTCTCCGGAATCTCTGCACTTCCTTGATGATCCACTTTGAACCCTTTTTGCTGATGACTGTATTTGAC;CU683900.2;snoMBII-202;;
ENSDARG00000084148;5;ensembl;15734525;15734580;-1;ENSDARG00000086327;srrm4;protein_coding;CATTCTGATCAACACATCATTCTGAAGGATTTTAAATGTTTAGAATTAGTGTTTGA;BX649391.1;snoMBII-202;;
ENSDARG00000082739;5;ensembl;33284556;33284626;-1;ENSDARG00000019230;rpl7a;protein_coding;CAGCTATGATGTCTGAATTTCTTCACCTGAACAACCATGTGGTTTAAATGAGCTTTTTAACCCTGAGCTAA;SNORD36C;SNORD36;;
ENSDARG00000080936;5;ensembl;33284908;33284983;-1;ENSDARG00000019230;rpl7a;protein_coding;CTGCAATGATGTCTTGAATTTCTTCACCTGAATTCAAACTGAAGATCAAAATACGAGCTTTTTAACCCTGAGCAAC;SNORD36A;SNORD36;;
ENSDARG00000109264;5;ensembl;33285526;33285597;-1;ENSDARG00000019230;rpl7a;protein_coding;TGCAGATGATGTGAAGAATATTTGCTATCTGAGTAGTAAATGCGGACAGTTTCCACCAAGATCACTGATGCA;CU019641.3;SNORD24;;
ENSDARG00000116248;5;ensembl;33286587;33286658;-1;ENSDARG00000019230;rpl7a;protein_coding;TGCAGATGATGTAATGAATATTTGCTATCTTAACAGCAATGCAGACAATCTCCCACCAAGATCGCTGATGCA;SNORD24;SNORD24;;
ENSDARG00000084995;5;ensembl;61351368;61351501;1;ENSDARG00000094097;CR936321.5;processed_transcript;TGCCAAGCAGAATTTCAAAACTGGAATTACTCAAATAGAGCAAGTTCCTCAATCTGCAAGGCTAGAAAAACGCCAGGTTTGCTTTCATCACTGTAAACCCCATTGCAGAGATGACAATGAGGCCTGGAATATTC;CR936321.4;;;
ENSDARG00000080462;5;ensembl;61351920;61351995;1;ENSDARG00000094097;CR936321.5;processed_transcript;CTTTGTAATGATGATTGGCATAAATGTTCAACTGCTCTTAAAAACCATGAAAGAGGATTTGCCTTTCTGAACATGT;CR936321.1;;;
ENSDARG00000081850;5;ensembl;61352331;61352465;1;ENSDARG00000094097;CR936321.5;processed_transcript;TCTGAGGTCTATCCCGACTGGCCCCTCTCAGTAGGGCTTAGTCGTTGGAAATGCCTCAAAGATAAAGTCTGTAGTATCGCTTTACCCATGTTGCTAATTTCATTAGCTTTGTGGGAAAAACACTGCAGTACATTC;CR936321.2;SNORA18;;
ENSDARG00000081937;5;ensembl;61353794;61353917;1;ENSDARG00000094097;CR936321.5;processed_transcript;TGGTCATTTACCAAGGCATTTGGGATGCATTGTTCCTGACTTGCTATGGACGTGACCAAAAATTAAAACCCATCCTAATGAGTCACTTCAGTTTCAATGCTGTTGGGGTTTCTTAGGAACAGTC;CR936321.3;;;
ENSDARG00000081702;5;ensembl;1952652;1952778;-1;ENSDARG00000051783;rplp0;protein_coding;GTGCAGGTTATCTACGGACTGGCTGTTGCAGTGCTTGTTTGTCGTTCCCCCTGCAGAAATAAACATGATTCCTTCTATCCCTGTCTGTTTGCATCCTACAACTAACAGGGACGCTGGTCTCAGACAA;CT573103.1;;;
ENSDARG00000115262;5;ensembl;1960073;1960200;-1;ENSDARG00000051783;rplp0;protein_coding;GTGCAGGTTTAGTTACGGACTGGCTGTTGCAGTGCTTGTTCGTCGTTCCCCCTGCAGAAATAAACATGTTTCCTACTATCCCTGTCTGTCTACTACTTAGATCTGCAGGGACGCTTGGTCTCAGACAT;CT573103.5;;;
ENSDARG00000083378;5;ensembl;1962282;1962409;-1;ENSDARG00000051783;rplp0;protein_coding;GTGCAGGTTCAGTTATGGACAGGCTGTTGCAGTGCTTGTTCGTCGTTCCCCCTGCACAAATGAACATGATTCCTTCTATCCCTGTCTGTCTGCATCTCATGACTTGCAGGGACGCTGGTCTCAGACAC;CT573103.2;;;
ENSDARG00000083389;5;ensembl;69183390;69183522;1;ENSDARG00000097815;CU928129.2;lincRNA;CCTCCATTCTTGGCATGCTCGCGGTTGTCTGTACGCTTGTGTGAATATACGGAGGTATATCAGCGCCAGTGCAATGTCTTCGGTGCCAGCATGTGCCCATCAGCTGGTTCTATCCTCAATCACTGGAACACTG;CU928129.1;SNORA57;;
ENSDARG00000086007;5;ensembl;19008646;19008774;-1;ENSDARG00000014817;ranbp1;protein_coding;GCAGACTCACTCTGTGTAAGGCAGATACCTCCAGCCTTAGACTTTTTCTGTCTGCTACATTAACTTGAAGATTGTTACAACCTGCCTTGCCTGTCACTTGGCAGGGTGACTGTACCTTCTCAGACATTT;SNORA77B;SNORA77;;
ENSDARG00000083894;5;ensembl;32885205;32885331;1;ENSDARG00000006691;rpl12;protein_coding;CCCGCCACTGTGCTAGTCTTTTAAAGTGACTCTGTACAATCCAGTGGAGGCTCAGAGTGACCCAGCTCTAGGAAGCAGGGCGGCCCAAACTAATGGGCAGCTCTGTGCCGAAAGACCTGGAACAAAC;CR925757.1;SNORA65;;
ENSDARG00000085713;5;ensembl;32885760;32885886;1;ENSDARG00000006691;rpl12;protein_coding;CCCGCCACTGTGCTTGTCTGTAAGAGTGACTGTGTACTGTCCAGAGGAGGCTCAGAGTGACCCAGCTCTAGGAAGCAGAACTGCCCAGTTTCATGGGTAACTCTGTGCCGAAAGGTCTGGGACATGT;CR925757.3;SNORA65;;
ENSDARG00000083937;5;ensembl;32886472;32886598;1;ENSDARG00000006691;rpl12;protein_coding;CCCGCCACTGTGCTTGTCTGTAAGAGTGACCGTGTACTGTCCAGAGGAGGCTCAGAGTGACCCAGCTCTAGGAAGCAGGACTGGTCAATTCAGTGACTAGCCCTGTGCCAAAAGGCCTGGAACATGG;CR925757.2;SNORA65;;
ENSDARG00000083593;3;ensembl;29867404;29867540;-1;ENSDARG00000003599;rpl3;protein_coding;GTGCACTGTTCGTAACCTGTTTCAGCCTACCAGTCTGAGATTTGGGTTCCATTCCAGTGCAAGATTAATAAACTCAGTGAGGCAGGGGAGTGGTGCCTCATTTGTGCTTTCTCCCTGTTCACTCTCTGATGACATTC;BX901883.1;SNORA54;;
ENSDARG00000083950;3;ensembl;29868635;29868732;-1;ENSDARG00000003599;rpl3;protein_coding;CGTGCATGTAATGATGAAAAACATGGATTAACCGCGTCAGGCATGGCGCCCGAAACGCATGAGGAAATTTCCCATGCTGCCTTCCTTCTGACAGCACA;SNORD83A;snoU83B;;
ENSDARG00000115494;3;ensembl;37787818;37787902;1;ENSDARG00000053058;rps11;protein_coding;TGCAAATGATGTTTTTTCTCACGATGGTCTTCCAAGTCTGTCAGGCTCTGACGACACTGCCTTATGGCATCACTGATGCAGCAAA;CR388062.3;SNORD35;;
ENSDARG00000082213;3;ensembl;37788203;37788289;1;ENSDARG00000053058;rps11;protein_coding;TGCAGATGATGTCTTTCTCACGATGGTCTTCCTAAACTCTTAAAGAGCTCTGAGGAAACTGCCTAATGGCAATGCTGATGCAGTGGA;CR388062.2;SNORD35;;
ENSDARG00000080422;3;ensembl;37788476;37788560;1;ENSDARG00000053058;rps11;protein_coding;TGCAGGTGATGTCTTTTCTCACGATGGTCTTCTGAACCCTTTGGGTTTTGAGGATGATGCCTTATGGCTTTACTGATGCTTCCCT;nan;SNORD35;;
ENSDARG00000117016;3;ensembl;37788861;37788945;1;ENSDARG00000053058;rps11;protein_coding;TGCAAATGATGTTTTTTCTCACGATGGTCTTCCAAGTCTTTCAGGCTCTGACGACATTGCCTTATGGCATCACTGATGCAGCAGA;CR388062.4;SNORD35;;
ENSDARG00000080424;3;ensembl;30694783;30694872;1;ENSDARG00000097595;BX682556.3;lincRNA;ACGCTTCAGTGATGTTTAGCACTGGGCTCTGAGTTCATGTGTAGACAAAAGTGCAGTTTTGCTCTTGACATGGCAGAACCTGAGAAGTGT;BX682556.1;SNORD88;;
ENSDARG00000081972;3;ensembl;19349719;19349817;1;ENSDARG00000075380;kri1;protein_coding;CTGTGCTGATGAGCTGTGATTGTGTCTGACCTGGTATTGCTGTTCCTCCGGGAGTAACTCTGACCAGGGTCTGAAGACTGTAATCTTCTCTCTGAGCAG;BX322663.1;snoZ30;;
ENSDARG00000082930;3;ensembl;34158875;34159072;1;ENSDARG00000018698;carm1;protein_coding;CCCAGCATTAGTCAGCTGTTCAGGCATTTTCAGTGCCTGTAACGGTGTTATACTGCTGGGACAGTGACCTGCCGCGGTCTGGCTCTAGATGGCGCTGTTGTAGCGTCTTTCAGAGTTCAGCTGGAGGCAGGAGAGCCCTCTGAGCTAGGACTGAGTCTGCTTCGCTGTGGCTCAGCCCTTGACAGGAGGCCTCACAGA;BX649502.1;SNORA74;;
ENSDARG00000116621;3;ensembl;33424192;33424328;-1;ENSDARG00000053457;rpl23;protein_coding;GTCCTTCTTAAAAGCACTTGCTTCGTCTGCTCAGTGGCTGGGTGAGTTGTCGTGGAAGGATAAAGTAAACCCCATTGCTCTTGGGTGAGATGGCAGTCTCCACATGCTGTTTAATCTCAATCCGTGATGGAACAAAT;CR396582.3;;;
ENSDARG00000085291;6;ensembl;9668277;9668361;-1;ENSDARG00000104353;nop58;protein_coding;CACAAGCGGTGATGAAGATGACTTGGATGTCACAGTCCTGAAAATAACATGTGGGTTTTTTGTCACTACCTCTTCTGAGCTTGGT;BX927225.2;SNORD11B;;
ENSDARG00000085557;6;ensembl;9672680;9672763;-1;ENSDARG00000104353;nop58;protein_coding;AACAAGCTGTGATGATGATGACCATGCGTCATTTTGCTGAAAAATCATGAGGCTTTTTTTGTCACTACCTCATCTGAGCTTGTT;BX927225.3;SNORD11B;;
ENSDARG00000080938;6;ensembl;9673032;9673122;-1;ENSDARG00000104353;nop58;protein_coding;AAATCTGTGCGTCTATGATGTTTCTGTTCACCCAATTCAACCATGAGGTCACCAAACAGTTATTCGTCACTACCACTGAGACCACAATTAT;SNORD70B;SNORD70;;
ENSDARG00000082607;6;ensembl;29089559;29089648;1;ENSDARG00000015862;rpl5b;protein_coding;TCTTGATGATGACACCACTTGAAACTGAACAGCTGCTATTTCAGTTGTTCCACTGATGTGATTTTCAAGACGGGACTGATTGCAAGACAT;SNORD21;;;
ENSDARG00000082960;6;ensembl;29096849;29096945;1;ENSDARG00000015862;rpl5b;protein_coding;GCTTGATGATGATACCCTTTCAGACTGAGCAAATTGTAGTTGGTCCTACATTTGCACAGTTGATGCAAGCATATTTCAAGACGGGGCTGAGAGCAGT;BX571699.2;;;
ENSDARG00000081943;6;ensembl;7717164;7717302;-1;ENSDARG00000019181;rpsa;protein_coding;CATGCACACTATTAAAACTCAACACTGTTGTCAGTGTTTGAGTGTCGGAAGTGTGCTATAGTAACTCGGCCGGGATTTCGCTAACACCATGAGGGCTTTGCCCCATGACTGGGGTTTGATAGTAACCTGAGCCACAATG;nan;SNORA62;;
ENSDARG00000116745;6;ensembl;7717788;7717929;-1;ENSDARG00000019181;rpsa;protein_coding;CATGCACACGGTTAAAGCCTGGCACTGATGTTGGTGTTTGGGTGTCGGAAGTGTGCTAAATAAACATGGCTAGGTATTCGCTAACACCAGTAGGGCTGAAGTGCCTCATGACTGGAGTTTGATAGCAACCTTTGCTACATTT;CR925711.3;SNORA62;;
ENSDARG00000113571;6;ensembl;7718273;7718414;-1;ENSDARG00000019181;rpsa;protein_coding;CACGCACACTGTTAAAACCTCACACTAATGTTGGTGTTAAGGTGTCGGAAGTGTGCTAGAGTGATTCAGCCGGGATTTCGCTAACACCAGTAGGGCTGTTACGCCCCTTGACTGGAGTTTGATAGCAACCTGAGCTACATTT;CR925711.2;SNORA62;;
ENSDARG00000085358;2;ensembl;26499649;26499754;1;ENSDARG00000055996;rps8a;protein_coding;AATGTGGGTGATGTTAACATGTCCTTAGGTTGGTCTTATTTGGCCGTCTTGGTCAAAGTCTTTGACCTTCCAATGTTAGGATTCGTCATAGTTACACTGACACATG;SNORD46;SNORD46;;
ENSDARG00000106293;2;ensembl;26501033;26501103;1;ENSDARG00000055996;rps8a;protein_coding;TTTCTGTGACGATAACTTTGTCCAGTTCTGCTACTGAAATATAAGTGATGCAGTTTAAGACTCTGAGGAAG;SNORD38A;SNORD38;;
ENSDARG00000080840;2;ensembl;9746858;9746993;-1;ENSDARG00000092780;si:ch1073-170o4.1;protein_coding;TGCCTTTTAGTGTTGCCTGTTCATCATTGCTTGTCAGATGAATGTGGTGTCAAATAGGGCATACATTAATACATGACATGGCCACTGAAAGGTATCTCCATCCTTGCCTTTCAGAGGCTTCATGTAATGGACACTT;CU638697.2;SNORA13;;
ENSDARG00000080499;2;ensembl;9747302;9747431;-1;ENSDARG00000092780;si:ch1073-170o4.1;protein_coding;TGCCTTTGTGTTGCCCATTCATTTCCTATTAGATGAATGTGGTGTCAACTAAGGCACACATTAAACCTTGAAATAGCCAAAGAGAGGACCGGCCACTCGTTCTCTTGCTTGTGCTGTAACAAGAACAACA;CU638697.1;SNORA13;;
ENSDARG00000083325;2;ensembl;44763082;44763375;-1;ENSDARG00000005058;ncapd2;protein_coding;GCCCAATGATGAGACCAAGGCGAATGCGAGCTCAGTGGATAAGAGTCCGAGCTCTCCTGTGCTCCTATTGGCTGGTAATCTTGGCTGGGCAGCGGAGATTTGCTGCTTTGCTGTAAGGGCCTGCCTACATTAAACAAGTTTTTCTCATCAAGCTCTTAGTCAGAGGAATGTTCGAGAGAGATGGGAAGAACGGTCATTTGTGTGTATGTTTGAGTGTGTGTGGACACAGGTTGAAACTTGGTTCTCTGCAATGTCCAATGAGCTATGAGCTGCTTCTTTGGTAATCTGAGGGCA;CR788281.2;snoU85;;
ENSDARG00000081126;2;ensembl;44774275;44774595;-1;ENSDARG00000005058;ncapd2;protein_coding;GCCCTATGATGAGAATAAGGCTAATACGAGCTGATTGGCTGGGACCTTGTGTTCTCTTGCTTTCTGATTGGTGGGTAATCTTGGCAGAGCAGTGGAGATTGGCTGCGCTGCTGTAAGGGCCCACCTATATTTATAAATACTAGCTCCCGGTCATTAAGCAGTTTTCTGGTAGATATGGAAATCTGTGTGTGACTTGGCAGCTTACAGTGTGAATGTGTGTGTTTCCGTCTCTGAGTGTGTGTAAATGTGTCAGTTGGCATAGAGTCGCATCTCCTAATGGGCCAATCAGCTGTGAACATCTTCTTTGGTAATCTGAGGGCA;CR788281.1;snoU85;;
ENSDARG00000082639;2;ensembl;7720559;7720629;1;ENSDARG00000016477;eif4a2;protein_coding;GTATGAAATGATGGTATGACTATCTTTCGGGACTGACCTTTTGTGGAGAAGACCTTTTCAACTGATCATAC;CT027646.2;SNORD2;;
ENSDARG00000083056;2;ensembl;7720939;7721009;1;ENSDARG00000016477;eif4a2;protein_coding;GTATGAAGTGATGGCATCATCTTTCGGGACTGACCTGTTATGGAGATAATCACTAATTTAACTGATCATAC;CT027646.3;SNORD2;;
ENSDARG00000083986;2;ensembl;7721212;7721390;1;ENSDARG00000016477;eif4a2;protein_coding;CCCTTCTGCTCAAAAGAACTGTGCTAAAATTGCAGACTCCAGGGTCTCCTGGTTTATGCGATGATGCTAGCAGAGTATCATGCGGAAGAAGAGCAATGGCTCTGCGCTGGAAATGAAACTGAGTTGGACCTCTTTCTTAATGTCCAGTGGCTTATGTTTCAAGGCTCAGAGCAACAAAC;SNORA81;SNORA81;;
ENSDARG00000083699;2;ensembl;7723394;7723583;1;ENSDARG00000016477;eif4a2;protein_coding;CCCTTCTTTTTAAAAAGCGCCATGCTAAAACCACCAGGTCGATGCTTTCGGGTCTCGCTCTGGTGTTCATGCTAGTACTGGTTAAATCACAAAGAAGGAAGAGCAAAAAGCACACAGTCGGAAATGAGTCTAGGACGGACCTCTTTCTTAATGTCCGGTGTCCGAGGTCTCAAGATTTTGTGCCACATGC;nan;SNORA81;;
ENSDARG00000080523;2;ensembl;7723870;7723941;1;ENSDARG00000016477;eif4a2;protein_coding;GTATGAAGTGATGCACGTCATCTTTCGGGACTGACCTCTCATGGAGAGAACATTTCGACTTACTGATCATAC;CT027646.1;SNORD2;;
ENSDARG00000081450;2;ensembl;30181130;30181219;-1;ENSDARG00000007320;rpl7;protein_coding;ATTGTGGTTAATGATGTTGCTCTTTTTTCCCCGTCTTATCGACTATGCTGATTCCTCTTGAAAATAAGCCAAATCCTCTGAAACCACCAC;CT027743.1;SNORD12;;
ENSDARG00000082493;2;ensembl;32666324;32666459;-1;ENSDARG00000032175;puf60a;protein_coding;CCTCCTTTCTTGGCATGCATGTAGTTGTTCAGTACTCATGTGTGTAATGTATGGAGGTAAAGAGAAGCCAGTGCTATGTCTTCGGTGCCAGCATGTTTCATGTCTGCTGGTTCTATCCTCAATCATTGGAACAAGC;BX323559.1;SNORA57;;
ENSDARG00000085829;2;ensembl;32667132;32667265;-1;ENSDARG00000032175;puf60a;protein_coding;TTTGACTTCATAAGCATGTGTCTGCTCAGTGCACATGTAAGCAAGCAGCGGACAAGAGCAAAGCCAGTGCTATGCCTTCGGTACTAGTGGCATCCGATTATCTGCTAGTACTATTCTCAATCACTGGTACATTA;BX323559.2;SNORA57;;
ENSDARG00000084411;2;ensembl;16824759;16824819;1;ENSDARG00000006200;eif4g1a;protein_coding;CTTCATTGATGACCTGTTTTGTGCCACTGATGTATTGTAATGGTAATGAGGATCTGAAGAG;CU462977.2;SNORD66;;
ENSDARG00000080942;2;ensembl;16829689;16829764;1;ENSDARG00000006200;eif4g1a;protein_coding;CTCCACTGATGACCTTCATTAAGAGCCACGTGTCTGGGCCACTGATCTACACTGATGGGATTGAGGAACTGAGGAG;nan;SNORD66;;
ENSDARG00000085358;2;ensembl;26499649;26499754;1;ENSDARG00000113087;BX569796.4;protein_coding;AATGTGGGTGATGTTAACATGTCCTTAGGTTGGTCTTATTTGGCCGTCTTGGTCAAAGTCTTTGACCTTCCAATGTTAGGATTCGTCATAGTTACACTGACACATG;SNORD46;SNORD46;;
ENSDARG00000082290;1;ensembl;2275605;2275742;1;ENSDARG00000040245;kpnb3;protein_coding;GCCTTGTGGTTCCTTAAGACAGCTCATCGGTGCTGATGCTTGAGGTTGTGTTTGACGGGCACACATTGATCTCTGCAATTTAATGCGTGGTGGCTGACATTTCCATGCAGCTTCCACAGCCCGGTTGCAGAAACATGT;CR352215.1;SNORA84;;
ENSDARG00000084532;1;ensembl;34708497;34708627;-1;ENSDARG00000092693;tpt1;protein_coding;GGGCATCCACTGATAGGCCTGTTGCCTTGGTTTGTGGCCTCTGGTTTGCACAAGGATGCAACAGTAATATTCCTCAATATATCTGTCCATCTGAATGGTGGCTGGAAAAGTCTAATCTGAGGAGAATAGGA;CR339054.3;SNORA31;;
ENSDARG00000085301;1;ensembl;34711138;34711271;-1;ENSDARG00000092693;tpt1;protein_coding;TTGCATCATTGACAGCTCAGAGTCTTGTATTGTGGCCACCTGGGTTTCAATATGTTACGATGCAAAATGAAAGGTCCCTGCGCTTTCTGCTTGCCCCATGAGTGGCATGTAAGATTGAATTTGGGACTACAAAT;CR339054.4;SNORA31;;
ENSDARG00000081849;1;ensembl;34711932;34712003;-1;ENSDARG00000092693;tpt1;protein_coding;GTACGATGATGACAATCTTAGGACACCTTTGGAGGTTATGGCCAGTGAGAAAAACAACACTTTCTGAGTGCG;CR339054.1;SNORD58;;
ENSDARG00000082811;1;ensembl;34712513;34712583;-1;ENSDARG00000092693;tpt1;protein_coding;GTACAGTGATGACATTCTTAGGACACCTTTGGAGGATATGACCAATGAAAAGAAAACATGTTCTGAGTACG;CR339054.2;SNORD58;;
ENSDARG00000084532;1;ensembl;34708497;34708627;-1;ENSDARG00000109513;CR339054.7;protein_coding;GGGCATCCACTGATAGGCCTGTTGCCTTGGTTTGTGGCCTCTGGTTTGCACAAGGATGCAACAGTAATATTCCTCAATATATCTGTCCATCTGAATGGTGGCTGGAAAAGTCTAATCTGAGGAGAATAGGA;CR339054.3;SNORA31;;
ENSDARG00000085301;1;ensembl;34711138;34711271;-1;ENSDARG00000109513;CR339054.7;protein_coding;TTGCATCATTGACAGCTCAGAGTCTTGTATTGTGGCCACCTGGGTTTCAATATGTTACGATGCAAAATGAAAGGTCCCTGCGCTTTCTGCTTGCCCCATGAGTGGCATGTAAGATTGAATTTGGGACTACAAAT;CR339054.4;SNORA31;;
ENSDARG00000081849;1;ensembl;34711932;34712003;-1;ENSDARG00000109513;CR339054.7;protein_coding;GTACGATGATGACAATCTTAGGACACCTTTGGAGGTTATGGCCAGTGAGAAAAACAACACTTTCTGAGTGCG;CR339054.1;SNORD58;;
ENSDARG00000082811;1;ensembl;34712513;34712583;-1;ENSDARG00000109513;CR339054.7;protein_coding;GTACAGTGATGACATTCTTAGGACACCTTTGGAGGATATGACCAATGAAAAGAAAACATGTTCTGAGTACG;CR339054.2;SNORD58;;
ENSDARG00000080777;9;ensembl;38160446;38160572;1;ENSDARG00000040666;nifk;protein_coding;ACAATCTGAAAATTACCTTTGGCATTTTGTTGCGATGGGTAAGATTATTGTGCCAACATTAATTCGGTACATTTAGCTTATTGCCAACTTCATGTAGTTGTGCAATGAAACCCATGTGCCTACATTA;BX548038.1;ACA64;;
ENSDARG00000083885;9;ensembl;38161263;38161389;1;ENSDARG00000040666;nifk;protein_coding;ATATACTGAAAATTATTTCAGTTGTAACCATCAACTGGAGTAAGATAACTGTGCCGACAGAAAATGGTACATTTTAAGCTTATTGTCTGTCACTTTGACACGCAATGAAACCCATGTGCCAACAGTT;BX548038.2;ACA64;;
ENSDARG00000083842;16;ensembl;17244908;17245047;-1;ENSDARG00000043304;nop2;protein_coding;CTTCCTGTTTTAGTACCACCCATCTGCTTTTTTTCAAGGTGTGTGGCTATGCTAACAGGATAAAGGAACTCTGTCAAGATCTGAAGAGGTGGTTGGCTACACCCCCTCCACTTCTATATGAATTGGCAGTACATTTATGT;CR936322.1;SNORA29;;
ENSDARG00000084449;16;ensembl;17247222;17247363;-1;ENSDARG00000043304;nop2;protein_coding;CTTCCTGTTTTAGCACCATCCACTTGCTTCCTCAAAAGGTGTGTGGCTATGCCAACAGGAGAAAGAAAATGTCTGTCATAATCTGAAGTGGTGGATGGTCACACTTTCTCCACCTCTATATGAATTGACAGTACATTTCTCT;CR936322.2;SNORA29;;
ENSDARG00000085786;16;ensembl;4527481;4527647;-1;ENSDARG00000022430;ppp1r8b;protein_coding;ATGCACCAGATACTGACCTGTCTGCCAGCAGCTCAGTTTTTTTCACACTGATGCCTGCATGACTGTGGCTGTCAGGTCCAAACCGGTGCAACAAAAAACACAAGACCCTGAGATTTAAGCCCTGAGAAAGAGGAACTCCTCAGGTGTTATAACTCAAGGGCACATCA;BX927222.1;SCARNA1;;
ENSDARG00000083400;20;ensembl;30372663;30372883;-1;ENSDARG00000042566;rps7;protein_coding;CCAACGTGGACATCCCGTGAGATGCCTCTCATGTGGCTCTGTCCATGTGGCGTATGGGAGCGTAGCACTTCGGTGTTGTGACGTACAGTCCCGTTCCACGACGTTGGATAGCAAGCTTGTCCCCGGCCTCTGGCTGGTGTGGACTACGTCCTGTATATTCCTACATCTTCCCAGAGCCCTTTGGGCCATTACTGGGGAGGTAAACCATGCAGTGCACACTA;BX276180.4;SNORA73;;
ENSDARG00000082242;20;ensembl;30373207;30373427;-1;ENSDARG00000042566;rps7;protein_coding;CCAACGTGGACATCCTGTGAGATGCCTCTCATGTGGCTCTGTCCGTGTGGCGTATGGGAGCGTAGCACTTCGGTGTTGTGACGTACAGTCCCGTTCCATGACGTTGGATAACAAGCTTGTCCCCGGTCTCTGGCTGGTGTGGACTGCGTCCTGTATATTCCTACATCTTCCCAGAGCCCTTTGGGCCATTACTGGGGAGGTAAACCATGCAGTGCACAACC;BX276180.2;SNORA73;;
ENSDARG00000080823;20;ensembl;30373865;30374084;-1;ENSDARG00000042566;rps7;protein_coding;CCAACGTGGACATCCTGTGAGATGCCTCTCATGTGGCTCTGTCCGTGTGGCGTATGGGAGCGTAGCACTTCGGTGTTGTGACGTACAGTCCCGTTCCATGACGTTGGATAGCAAGCTTGTCCCCGGCCTCTGGCTGGTGTGGACTGCGTCCTGTATATTCCTACATCTTCCCAGAGCCCTTGGGCCATTACTGGGGAGGTAAACCATGCAGTGCACAGCC;BX276180.1;SNORA73;;
ENSDARG00000083108;20;ensembl;30374686;30374906;-1;ENSDARG00000042566;rps7;protein_coding;CCAACGTGGACATCCTGTGAGATGCCTCTCATGTGGCTCTGTCCGTGTGGCGTATGGGAGCGTAGCACTTCAGTGTTGTGACGTACAGTCCCGTTCCATGACGTTGGATAGCAAGCTTGTCCCCGGCCTCTGGCTGGTGTGGACTGCGTCCTGTATATTCCTACATCTTCCCAGAGCCCTTTGGGCCATTACTGGGGAGGTAAACCATGCAGTGCACATAA;BX276180.3;SNORA73;;
ENSDARG00000083738;20;ensembl;10489621;10489890;1;ENSDARG00000097342;AL845550.2;lincRNA;AGTGCAGTCTCGCGGTCCGGTCTCCTGTTTGTCCAGTGACTCGAGACTCTGCGAAGCTGCACAGATCAGACTGAAGGATCCAAAGGCGTTACTTCTCCAGACTGAAGTTTTACGTGCGATATTCTTTCGACAGATCTTAACCTGTTTCCACGGCGGTAATGGTTGTGTTGTACCGTTACCAATCTAAAAACAGGCAGAGTAAAACAGCGGCAGTCAGATATTGTCTGGCAGGAGGAGCGCGCCTTTCAGACACTTCGAATTGCCACAGTT;AL845550.1;SCARNA13;;
ENSDARG00000083256;20;ensembl;29495300;29495435;-1;ENSDARG00000020711;rrm2;protein_coding;GGAGCAATGATGAGTGGCGCAGGGGTACGTACCTCAGCTGATAATGGGAGCTGAGTGTTGACTGCTCAAAATCAGTGGACATGTGGTCAGCTGGTTGTAGGGTGTCAGCACGAAATTATCGCCTTGACTGAGCTCC;BX248136.1;SNORD94;;
ENSDARG00000104511;8;ensembl;23781005;23781394;1;ENSDARG00000034457;si:ch211-163l21.7;protein_coding;ACATCAAGCAGGATGTGAGGTCATTGAGTGAGTGCGTTTCTGCTTGTGTGGAGTGCATGTGAGTGAGTGCTTGTTTGTGTGTGTGTAGACGCATGAATGTTTGTGTTTTATGAATGTGTGTGTGAATGAGGTAACTCTTAAAAAAACCTACACCGTGATCTTATTTGATCTCATCCGAGTTGTTGCCCTGCTCGGATGCAGAGATGATAATAACCGACCCGGGAGCTCCTGTAGCGATGACCGCGAGGCTTTTTTTCACTTGGGGCATCCACAGTGCAAACTGTGGTAAGAAATGATGAATCGATCAGATATACAAGAAAGACAGGGAGCTGGATCTCGGTCTGGTATTTCCTGTATCTTTCACTGAGTATAACGGCGATTCTGATCTCA;AL929282.1;SCARNA2;;
ENSDARG00000087030;8;ensembl;16610248;16610319;-1;ENSDARG00000092337;CU467861.6;processed_transcript;AACCTGTGATGAAATGATTCTGCCAAATGAATCCTAATGATTATACCCCAACCGTTCCATATTTCTGAGGTT;CU467861.5;SNORD47;;
ENSDARG00000116829;8;ensembl;16611114;16611194;-1;ENSDARG00000092337;CU467861.6;processed_transcript;ATGCAGATGATGACTGCATAGTTCAGCAGAAACTCCATGTAGAACACAGAGCAATGTCTTTCGCTCCTAGCTGATGCATCA;CU467861.10;snosnR60_Z15;;
ENSDARG00000109557;8;ensembl;16611327;16611411;-1;ENSDARG00000092337;CU467861.6;processed_transcript;GTGATGCAAATGATGACTGCATAGTTCAGCAGAATTTCCATGTAGAACACAGAGCAATGTCTTTCGCTCCTAGCTGATGCATCAC;CU467861.8;snosnR60_Z15;;
ENSDARG00000112580;8;ensembl;16611328;16611408;-1;ENSDARG00000092337;CU467861.6;processed_transcript;ATGCAAATGATGACTGCATAGTTCAGCAGAATTTCCATGTAGAACACAGAGCAATGTCTTTCGCTCCTAGCTGATGCATCA;CU467861.9;snosnR60_Z15;;
ENSDARG00000083254;8;ensembl;16611666;16611747;-1;ENSDARG00000092337;CU467861.6;processed_transcript;TGCTGTTCATGATGACTGTTTTATAACATTGGGAATCTCTCTGAATAAGACTGAAAGACCTCATTAATAAACTGAAACAGTA;CU467861.3;SNORD79;;
ENSDARG00000080924;8;ensembl;16611935;16612017;-1;ENSDARG00000092337;CU467861.6;processed_transcript;GACTGTTTATGATGATTGTTAAATGAAACAATGGGAATCTCTCTGAATTAGACTGAAAGAGACATCTTTATGCTGAAACAGTG;CU467861.2;SNORD79;;
ENSDARG00000080205;8;ensembl;16612808;16612881;-1;ENSDARG00000092337;CU467861.6;processed_transcript;TGCCTTTGATGAATTAAAAATGTATAAGAGTAGTGGACAGAAGTGATTTCTGAGAACATTTTTAATCTGAGGCA;CU467861.1;SNORD75;;
ENSDARG00000083457;8;ensembl;16613029;16613109;-1;ENSDARG00000092337;CU467861.6;processed_transcript;TGTTTACTTGTATGATGAAGAATATGTTGGTAGGGACATCTGAGAAAATCTGATGAATGCCAACATTTCTGACATGTAGCA;CU467861.4;SNORD74;;
ENSDARG00000081568;17;ensembl;24615707;24615794;1;ENSDARG00000044093;rpl13a;protein_coding;TTTGTCGGTGACGAGCTCGCAACCACAGTTCAGTATTCGAGTTTAACGACCATGAGAATACTTTACGTGCACTACCATCTGAGACAAA;CR352220.1;SNORD33;;
ENSDARG00000081926;17;ensembl;24617464;24617542;1;ENSDARG00000044093;rpl13a;protein_coding;TTTGTCAGTGATGTTTTTCCACAGTAAGTATGAGTTTAACGACCATGAGTCCACTTCATGCACTACCAGCTGAGACAAA;CR626962.1;SNORD33;;
ENSDARG00000112988;17;ensembl;11398076;11398157;-1;ENSDARG00000043873;arid4a;protein_coding;CAAAAATGATGATACCAGAGAATGGTTTCGCTTGCATGACTGATTTCATGTGATGTCACGCTTCTCTTGGCTGTCTGATTAA;CU076099.3;SNORD53_SNORD92;;
ENSDARG00000089164;17;ensembl;11400583;11400665;-1;ENSDARG00000043873;arid4a;protein_coding;TGCACATGATGATACTGGAGAATGGTTTCGCTTTTATGACCTGATGTCATGTGATGATACTCTTCTCTTGGCTGTCTGATCTA;CU076099.1;SNORD53_SNORD92;;
ENSDARG00000114381;17;ensembl;11386859;11386940;-1;ENSDARG00000043873;arid4a;protein_coding;CAAAAGTGATGATACCAGAGAATGGTTTCGCAAATTTGACTGATGTCATGTGATGTTATGCTTCTCTTGGCTATCTGATTAA;FP102895.3;SNORD53_SNORD92;;
ENSDARG00000081568;17;ensembl;24615707;24615794;1;ENSDARG00000116881;CR352220.2;protein_coding;TTTGTCGGTGACGAGCTCGCAACCACAGTTCAGTATTCGAGTTTAACGACCATGAGAATACTTTACGTGCACTACCATCTGAGACAAA;CR352220.1;SNORD33;;
ENSDARG00000081926;17;ensembl;24617464;24617542;1;ENSDARG00000116881;CR352220.2;protein_coding;TTTGTCAGTGATGTTTTTCCACAGTAAGTATGAGTTTAACGACCATGAGTCCACTTCATGCACTACCAGCTGAGACAAA;CR626962.1;SNORD33;;
ENSDARG00000082652;14;ensembl;31859430;31859506;-1;ENSDARG00000014244;rbmx;protein_coding;GCTGTGATGAATTCTTGTGGTGGTGATCTACTTGAACTGATCTAGTCCACAATTGTCCTCTAAGAAGTTCTGAGCTT;AL929434.1;SNORD61;;
ENSDARG00000085696;14;ensembl;31860408;31860470;-1;ENSDARG00000014244;rbmx;protein_coding;GCTGTGATGACACATTCTTGATGATCTGTTTGAGTTGATTGTCCTCTAAGAAGTTCTGAGCCA;AL929434.3;SNORD61;;
ENSDARG00000083171;14;ensembl;31860750;31860827;-1;ENSDARG00000014244;rbmx;protein_coding;GCTGTGATGTTTTTTTTTGTGGCAGTGATCTACTTGAGCTGATCTAGTCCACAATTTCCTCTAAGAAGTTCTGAGCTT;AL929434.2;SNORD61;;
ENSDARG00000082020;14;ensembl;33333448;33333581;-1;ENSDARG00000036316;rpl39;protein_coding;AAAGCAGGACGCAATTACAGTGCTAAACTCTTTTGTGGGAGTACTGCCATTATCCTGCTGAGAGCATCTTCTGCTGTGGAGTCTTGATTACTGTCATCTCTATATGACCAGTGAACGCTCTGCTGTGGAGACAT;BX571981.1;SNORA69;;
ENSDARG00000084548;14;ensembl;31533083;31533220;1;ENSDARG00000036500;fam122b;protein_coding;ATGCATGACTGTTGTAGATGCTCTCTCACTGGTAGGGAGTAAAGTCATGCAGCCATGCTAGATTAACATGTTTTGAGTCATCAGGGCCACCAGTCTGTCAAGAACAGACTGTGTTGGTAGTATATAACTCACACATTC;BX511227.3;snoU109;;
ENSDARG00000084543;14;ensembl;31540443;31540598;1;ENSDARG00000036500;fam122b;protein_coding;ATGCATGCGGTAGCAATGTTGCCACACTTCCTCTTTCCCTTGTCAATGAGATTGTGGAAGACAAAATTAAGCATGCTAGAGAAAAGCTCATGGAGTTATCAGGGCCACCAGTCTCTCAAGAACAGACTGGATTGGTAGTATAATACTCCAACACCG;BX511227.2;snoU109;;
ENSDARG00000102120;14;ensembl;14837073;14837270;1;ENSDARG00000100366;si:dkey-102m7.3;protein_coding;CCCAGCGGTAGTCAGCTGTGCAGGCCAGACCATGCCTGAGCTAGTGTTACTCTGCTGGAAGAGAAAGGCACTGCCATTTGTGCTCCATCAGGTTTGGCTGTTTTAGTGAATCCTGCTGTGTGGTGCTGGTTATGCCATGTCTTCTGAGAGTGGCCTGTACTCACAAAATGAGGCAGGCCTAGTCTGGAGGCAAACACT;BX323828.1;SNORA74;;
ENSDARG00000080647;13;ensembl;28740235;28740369;1;ENSDARG00000010137;ldb1a;protein_coding;AGCCTTTATGTGTTGCCTGTTCATTTCCTTTTCAGAATGAACATGGTGTCAGAAAAGGCGCACATTAACTCTTATTGTGATCTTAAATGGTTGTCAAAGTACTTCCGTTAAATAAGCTCAACAATAAGAACATGA;CU640488.1;SNORA13;;
ENSDARG00000117034;13;ensembl;49580507;49580639;-1;ENSDARG00000103163;tomm20a;protein_coding;CCGCACTGTTTTAAACCCCCCACGAGCTGCCTGTCGCTTTTGGGACAAGAAAAAGTGCAAGAGAAAAATCAAGAATTATCCAAAGCTGAACGTCTGTGCAGTGACCTTCAGCTATTTCACCTCTTGAACATTA;CU681839.1;SNORA14;;
ENSDARG00000082911;18;ensembl;19451582;19451651;-1;ENSDARG00000041182;rpl4;protein_coding;TTGCAATGATGAGATTCTTACTTCAGGTCCGTGTTTCTGAAATAGTGATTGTATTGGAAGTTCTGAGCCA;CT863714.5;SNORD18;;
ENSDARG00000082511;18;ensembl;19451870;19451937;-1;ENSDARG00000041182;rpl4;protein_coding;CAACAATGATGAGCTTACTTCTGGTCCGTGTTTATGAACACCTTGATTTTATTAGAAGTTCTGAGTCA;nan;SNORD18;;
ENSDARG00000080636;18;ensembl;19452210;19452278;-1;ENSDARG00000041182;rpl4;protein_coding;TCTACATGATGATCTCCACTTCTGGTCCGTGTTTATGAGTCCTATGATTTTAGTGGAAGTTCTGACCAC;nan;SNORD18;;
ENSDARG00000080450;18;ensembl;19452751;19452881;-1;ENSDARG00000041182;rpl4;protein_coding;ATGCACTGTGTGTAATATGTGGGTTGCCACCTAATGGCATTCTGCTCTTAAATCAGTGCAAGAGAAACCTCAGTTTGCAGAAGGGCCAAATCAAACTATTGGTTATTCCCTTTCGAAGGCTGAGAACAGAC;CT863714.2;SNORA35;;
ENSDARG00000110758;18;ensembl;19454486;19454583;-1;ENSDARG00000041182;rpl4;protein_coding;TGCTGTGATGGTGTAATTTGCGTCCTACTCTACGCACAGCGACAGTTGCCTGCTGTCTTATGCTGGTGTGGAAGGTTGACGATCATTGAGTCTGAGCA;SNORD16;SNORD16;;
ENSDARG00000080158;18;ensembl;19454800;19454867;-1;ENSDARG00000041182;rpl4;protein_coding;CTCCAGTGATGATATTCCACTTCAGGTCCGTGTTTCTGACAACTGATTATGCTGGAAGTTCTGAGAGC;nan;SNORD18;;
ENSDARG00000110617;18;ensembl;19455144;19455241;-1;ENSDARG00000041182;rpl4;protein_coding;TGCTATGATGGTGTAATTTGCGTCCTACTCTGTGTTCAGTGACAGTTGCCTGCTGTCTCATGCTGGCACAGAAGGTTGATGACAACAAAGTCTGAGCA;nan;SNORD16;;
ENSDARG00000080895;18;ensembl;16721799;16721982;1;ENSDARG00000057167;eif4g2b;protein_coding;GCACCCTGTGATTATAAAAAGACGCGTTATTCTGAGGGATTCCACTGGTTGACAGTTTCTTTCTTTCCATCTTACTGTTTTTTTCTTCCTTTGCTTTACCTCCTCTCTATGCTGCTCCTCCTCTATCCCTCAATCTTTAACTGCCAGCCAGTCCGCTGATTGCGATTATGAGATATGAGGGTGT;SNORD97;SNORD97;;
ENSDARG00000109897;18;ensembl;18569241;18569322;-1;ENSDARG00000103553;sf3b3;protein_coding;GTGCCAGAAATGATGAATATCTTCATGTCTCTTCTCTGATTGTTTAGTGAAGAGAGATTTGTGATATCTGATCTTCATGCAC;BX470163.3;SNORD111;;
ENSDARG00000083268;18;ensembl;18577474;18577549;-1;ENSDARG00000103553;sf3b3;protein_coding;TAATGAAATGATGAGCTTTTCATGTCTCTTCTCTGACTATTTGACTGGAGACGCATAAAGACCTCTGATCATAATA;BX470163.2;;;
ENSDARG00000080744;18;ensembl;18577814;18577894;-1;ENSDARG00000103553;sf3b3;protein_coding;CTGTCAAAATGATGAATATCTTCATGTCTCTTCTCTGACTGTTTGGTGGAGAGATTGTCTTGATATCTGATTTTCATGCAT;BX470163.1;SNORD111;;
ENSDARG00000113885;18;ensembl;3040274;3040422;1;ENSDARG00000103007;rps3;protein_coding;CTTCGGTGATGATACGATGACGAGTCGGAGTAGGGCCGGTTCTGTCTCTGAGGATTCTGGGTCAGGTTCACGTTCTGTGCGTCTGGCTGCAGCTCCTCAAAGCAGTGAGTCCTTTTGCTTGAAGACATAGAGGCATTTGTCTGAGAAGG;CU570791.6;SNORD15;;
ENSDARG00000111557;18;ensembl;3044053;3044201;1;ENSDARG00000103007;rps3;protein_coding;CTTCGGTGATGATACGATGACGAGTCGGAGTAGGGCCAGTTCTGACTTTGAGGATTCTGGGTCAGGTTCACGTTCTGTGCGTCTGGCTGCAGCTCCTCAAAGCAGTGAGTCCTTTTGCTTGAAGACATAGAGGCATTTGTCTGAGAAGG;CU570791.5;SNORD15;;
ENSDARG00000098534;18;ensembl;3047003;3047149;1;ENSDARG00000103007;rps3;protein_coding;CTTCGGTGATGATACGATGACGAGTCGGAACAGGGCCAGTTCTGACTTTGAGGATTCTGGGTCAGGTTCACGTTCTGTGCGTCTGGCTGCAGCTCCTCAAAGCAGTAAGTCCTTTTGCTTGAAGACAGAGGCATTTGTCTGAGAAGG;nan;SNORD15;;
ENSDARG00000098419;18;ensembl;3049515;3049659;1;ENSDARG00000103007;rps3;protein_coding;CTTCAGTGACGATACGATGACGAGTCGGATCGAGGACCAACTCTGAGGATTCTGGGTCAGACTCACGTTCTGTGCGTCTGATTTCAAGTCCTCGGAGATCATGCGTCCTCTAGATTGAAGATCTTGAGGCATTTGTCTGAGAAGG;CU570791.1;SNORD15;;
ENSDARG00000084034;12;ensembl;19385426;19385555;1;ENSDARG00000055868;rsl1d1;protein_coding;GCACTTCTGCAAACCCTGTCCTTCTGTGTCAGTGCTGGGCACGGGTTTAAAAGTGCTAAAGTACCTCAGAGTGCATCCAGACAAGTCTCCTCTTCTATTGGCGCTTGTCTCTACAAACTTTGAAACAAGC;BX649366.1;SNORA55;;
ENSDARG00000084670;12;ensembl;19388143;19388273;1;ENSDARG00000055868;rsl1d1;protein_coding;GCACTACAGCAAACCATTTCCTGCTTCTTCACAGCTGGATATGGGTTAAAACTGTGCAATAGTAACTCATAGTGTATCCAGATGAGTCTCCTCTTCTGTTGGAACTTGTCTCTACAAACTATGATACATGA;BX649366.2;SNORA55;;
ENSDARG00000114453;12;ensembl;5051562;5051697;1;ENSDARG00000102624;kif22;protein_coding;TAAGCACTTTTAACAGGTCGTGGTCTCAGTGCAGTAGGCCATGATTTGGTAGCTGGTGCTGATATGAAAGCTCTCTATGAAGAAAATCCAGCGGCTCTTCGTATAGTTGTTTGGATTATCGGAGAGAGACACACAG;AL929469.5;SNORA30;;
ENSDARG00000113231;12;ensembl;5052443;5052578;1;ENSDARG00000102624;kif22;protein_coding;TAAGCACTTTTAACAGGTCGTGGTCTCAGTGCAGTAGGCCATGATTTGGTAGCTGGTGCTGATATGAAAGCTCTCTTTGAAGAAAATCCAGCGGCTCTTCGTATGGCTGTTTGGATTATCAGGGAGAGACACACAG;AL929469.4;SNORA30;;
ENSDARG00000104662;12;ensembl;5057221;5057356;1;ENSDARG00000102624;kif22;protein_coding;TGAGCACTTTAACAGGTCCTGGTCTCTGTGTGGTAGACCATGATTTGGTAGCTGGTGCTGAAATTAAATCTGTCTCTCATGAAAAACCCCAGATTTTCGCTCTGTCTGCTGGGTGCATTTGAGAGAGAGGACACTT;AL929469.2;SNORA30;;
ENSDARG00000100745;12;ensembl;5061567;5061697;1;ENSDARG00000102624;kif22;protein_coding;TGAGCACTTTTAACAGGTCCTGGCTTTGTGCAGTAGGCCAGGATTTGGTAGCTGGTGCTTAAATTAAAACTCCCTATAGCGAAAACCACAGGCTGAGTGTGCCATGTTGGGCATTAATAGGGAGAACATCT;AL929469.1;;;
ENSDARG00000098998;12;ensembl;36159664;36159753;-1;ENSDARG00000099184;map2k6;protein_coding;GAATATGAAAAAGAAGCAGCAAAGATATAAGAGAACTTTTATGTTTGAATCAAACAACATAACGATTACAGGCAAATCAGCAGTGTTATC;CU467923.1;;;
ENSDARG00000115154;19;ensembl;27464416;27464482;-1;ENSDARG00000095427;FP101887.1;processed_transcript;TGCAGTGATGATTCCATAGACTAGAGTCTCTGATAACAACATGAAGATCTACACATTTCTCTGAGCA;FP101887.3;SNORD52;;
ENSDARG00000116097;19;ensembl;27465104;27465170;-1;ENSDARG00000095427;FP101887.1;processed_transcript;TGTTATGATGAATCTTTAGACTAGAGTCTCTGATTTCTCCATGAAGCTCTTCACAGTGCACTGAACA;FP101887.4;;;
ENSDARG00000111586;19;ensembl;27465336;27465402;-1;ENSDARG00000095427;FP101887.1;processed_transcript;TGTTATGATGAATCTTTAGACTAGAGTCTCTGATTTACTTATGAAGCTGTTCACAGTGCACTGTACA;FP101887.2;;;
ENSDARG00000116175;19;ensembl;27468449;27468515;-1;ENSDARG00000095427;FP101887.1;processed_transcript;TGTAAAGATGAATCATTTGACTAGAGTCTCTGATTTCTCCATGAAGCTCTTCACAGTGCACTGAACA;FP101887.5;;;
ENSDARG00000115429;19;ensembl;43077744;43077879;1;ENSDARG00000099256;pum1;protein_coding;TGCAGTCTTGTCAAATTCAGTGTTTCCTCTTCAATGGACAGCACTGGCCAAAATGGCTGCAACAGTGAACAAGTAGACTTCAGGACCTACCTTCACATAGAATGAATACCAGGGACATACAAGTCTGCTTACATGC;CU207343.4;SNORA5;;
ENSDARG00000112530;19;ensembl;43080925;43081060;1;ENSDARG00000099256;pum1;protein_coding;TGCAGTCTTGTCAAATTCAGTGTTTCCTCTTCAATGGACCGCACTGGCCAAAATGGCTGCAACAGTAAACAAGTAGACTTCAGGACCTACATTCACATAGAATGAATACTGGGGACATACAAGTCTGCTTACATGC;CU207343.3;SNORA5;;
ENSDARG00000104420;19;ensembl;48033299;48033440;1;ENSDARG00000104889;kpnb1;protein_coding;TGATGATCGTTCCTCCTGCCGCTCAGAGATCATGCGGCTCAGGATTTTAGATCATCATAGAGAAATCTGAGTCTGTTTCACCCGGTGTGTGCCGACCGACGGTCTCCTGTGGCCACGCTGGACTTTGCGGGACTCTACAGCT;CU929079.2;SNORA79;;
ENSDARG00000084209;19;ensembl;24756843;24756974;-1;ENSDARG00000057010;si:dkey-154b15.1;protein_coding;TTGCAGGCTGTTCAGCGAGGTTGAGTCTTTGTGACTCTTGCCTTTCCTGTAAAGTCTGCTAGAGAGATTTGAGGTGGTTTGAGGCCTGCTGGGATTCCCTTCTCAGTTTGGTTATGTAATCTTCAAACATTT;BX927310.2;SNORA9;;
ENSDARG00000081895;19;ensembl;24757193;24757324;-1;ENSDARG00000057010;si:dkey-154b15.1;protein_coding;CTGCAGGCTGTTCAGCGAGGCTGAGTCTCCTGTGACTCTGTCCTTTCCTTTATGTCTGCTAGATAGACATGGAGTGGTTTGAGACCCTGTTGTCTACTAAATACAGCGTGGTTATAGAAACTCCAGATAAAC;BX927310.1;SNORA9;;
ENSDARG00000112208;19;ensembl;18834727;18834857;-1;ENSDARG00000105273;FP074902.2;processed_transcript;AGCGAGACTAGAGTCACATCCTGACGTTGCTCGTTGTCTTGGTGTGCTATAGTACTCGCAGAATAACCTCTCTGCTTATTCATTGGCTGCTGCTTTCCATTGCCCAGCCAATCACCAGCTCTGAAACATGC;FP074902.4;SNORA3;;
ENSDARG00000113464;19;ensembl;18838411;18838541;-1;ENSDARG00000105273;FP074902.2;processed_transcript;AGCGAGACTAGAGTCACATTCTGATGTTGCTTGTTGTCTTTGTGTGCTATAGTACTCGCAGAATAATCTCTGTACTTATTCATTGGCTGCTGCTTTCCATTGCCCAGCCAATCACCAGCTCAGAGACATGC;FP074902.5;SNORA3;;
ENSDARG00000110189;19;ensembl;18841413;18841543;-1;ENSDARG00000105273;FP074902.2;processed_transcript;AGTGAGACTAGAGTCACATCCTGATGTTGCTCATCATTTTGGTGTGCTATAGTTCTCACAGAATGATATCTCTGCTTATTCATTGGCTGCTGCTTTCCATTGCTAGGCCAATCACCAGCTCAGAAACATCC;FP074902.3;SNORA3;;
ENSDARG00000081580;19;ensembl;16027419;16027490;-1;ENSDARG00000030700;ctps1a;protein_coding;ACTGATCAAGGATGATAGTATATTGATGGTGACTGCTGGATGAAACTTGCGGATATGGGACTGAGATCAGTT;CR385068.2;SNORD99;;
ENSDARG00000081082;19;ensembl;16028456;16028590;-1;ENSDARG00000030700;ctps1a;protein_coding;CATGGCCCTGATTGAAGCTGTCCAGTTTGTCTGTAACTGGTGCAGATCAAACAGGAGCCGATAGCAACACTTTTACTGACGGTCGCTGTGCAGTTACCTGTAGCTGTTTCAGCAACATTTAGGAAAAGGACAATT;CR385068.1;SNORA16;;
ENSDARG00000081931;19;ensembl;16029308;16029443;-1;ENSDARG00000030700;ctps1a;protein_coding;CAAGGCCCTGATCGAAGCTGTCCTGTTCATCTATAGCAGGTACTGGTCAAACAGGAGCCAATAGCAACACTTTTACCGACGGTCGCTGTACAGTTTGCTTGTAGCTGTCCCAGCAACATTAAGGAAAAGGACAACT;CR385068.3;SNORA16;;
ENSDARG00000114781;19;ensembl;12131045;12131180;-1;ENSDARG00000021140;pabpc1b;protein_coding;TGCAGCCTTGTCAAATTCAGTGTTTCCTTCTCAGTGGACCGCACTGGCCAAATTGGCTGCAACAGTAAAGTTTTAGTCCTCAAGCCCCCTGATCTTGCATAGTGGACACTGGGGATAGAAGTGGCTATATACAGTT;CU468682.1;SNORA5;;
ENSDARG00000113630;19;ensembl;12136736;12136871;-1;ENSDARG00000021140;pabpc1b;protein_coding;TGCAGCCTTGTCAAATTTAGTGTTTACTTCTCAGTAGATCACACTGGCCAAAATGGCTGCCACAGTACATTTTTAGTCCTCGAGCCTCATGATCTTGCCTTGTGGCTATTGTGGATAGAAGTGGCTATATACAGTT;CU468824.1;SNORA5;;
ENSDARG00000083576;19;ensembl;7825395;7825533;-1;ENSDARG00000019299;znf687b;protein_coding;TGCCTTTTGTGTTACCCATTCTTTTCACATTCCCTGAAGAATGTGGTGTCAAAAAAGGCATACAGTAATACTCTTGGTTAGGCATTTACAAAGTGATTTCTCTGTATCACGCTGTCTAAAGCTCAAACCAAGTACAACA;CR628394.1;SNORA13;;
ENSDARG00000081961;19;ensembl;47567713;47567848;-1;ENSDARG00000078069;rrm2;protein_coding;GGAGCAATGATGAGTGGCGCAGGGGTACGTACCTCAGCTGATAATGGGAGCTGAGTGTTGACTGCTCAAAATCAGTGGACATGTGGTCAGCTGGTTGTAGGGTGTCAGCACGAAATTATCGCCTTGACTGAGCTCC;CU695215.1;SNORD94;;
ENSDARG00000117203;19;ensembl;17373632;17373686;1;ENSDARG00000116649;ube2e1;protein_coding;GCAGTTACAGGTGTGGGCAGTTATGCAGCAGCTTAATGCTCATGTATGAAACTGC;FO704764.1;;;
ENSDARG00000083760;15;ensembl;45614290;45614569;1;ENSDARG00000099430;atg16l1;protein_coding;GGTCAATGATGTGATGTAAAAGGTCTGACATCCAGCTCTCCTTCCAGTCCCTCAGTCTCTCCCAGCAGCCCCTGTTAATAATTTTCCAGCATGCTCTAGTGGTGCATTGCTGGATAGAGGTGGCGGCTGATATTACGGACGTTTATGCTGTATAATTAGTTTTTATTGAGATTTATAAGACTTTGATCAGCATCGTCCAACAGAAACACCACACACAGGAGGCCCGGACTGAAGGAGAACATTAAACTGGTGCATGATCTCAAGTTTTCAAGCTGAGACC;CU929115.1;SCARNA6;;
ENSDARG00000103474;15;ensembl;45617016;45617296;1;ENSDARG00000099430;atg16l1;protein_coding;GGTCAGTGATGAGATGTAAAAGGTCCGAAGCCCTCGTCTCCTTTCAGTCCGTTTGTCTCTCCCAGCAGCCCCTGTTAATAATTTCCCAGCATGCTCTAGTCATGCATTGCTGGATAGAGGTGGCGGCTGATATTATGGACGTTTATGCTGTATAATTAGAGTCTTTTAGAGAATTACAAGACTTTTATCAGCATCGTCCGACAGAAACATCACACACAGGAGGGCTGGACTGAAGGAGGACGTTTAACGGGCTCATGATCTCAAGTTTTCAAGCTGAGACC;CU929115.2;SCARNA6;;
ENSDARG00000105169;15;ensembl;44017433;44017563;-1;ENSDARG00000117638;FO704909.2;lincRNA;GTGGTTAGTCCCAGTGTGTGTCTGCAGATTGGAGTAGTGCTGCAGTCCTGGACACCACATAGAGTGATGCTGGTTTCTGCCGACAGGGCTTGTAGAGTCCTTGGGCTCCCTGTGCGATGGTTCCACACATT;SCARNA14;SCARNA14;;
ENSDARG00000081654;23;ensembl;31433273;31433348;1;ENSDARG00000036875;rps12;protein_coding;GCTATGATGAATTTTCAATCTTTAGTCGGATACCCCTTCACTCTTAATTATGAGTGAGAGATCCAGTCTGAGAAGC;CR759830.1;SNORD101;;
ENSDARG00000081875;23;ensembl;31433579;31433663;1;ENSDARG00000036875;rps12;protein_coding;TGTATCTGTGATGATAATTTGGCTCCCTCTACTGAAGTCTCTGAGGAAAACTGCCATTCGTTACCCAATTTCTTACTGAGATACT;CR759830.2;SNORD100;;
ENSDARG00000081654;23;ensembl;31433273;31433348;1;ENSDARG00000036876;zgc:153284;protein_coding;GCTATGATGAATTTTCAATCTTTAGTCGGATACCCCTTCACTCTTAATTATGAGTGAGAGATCCAGTCTGAGAAGC;CR759830.1;SNORD101;;
ENSDARG00000081875;23;ensembl;31433579;31433663;1;ENSDARG00000036876;zgc:153284;protein_coding;TGTATCTGTGATGATAATTTGGCTCCCTCTACTGAAGTCTCTGAGGAAAACTGCCATTCGTTACCCAATTTCTTACTGAGATACT;CR759830.2;SNORD100;;
ENSDARG00000081648;23;ensembl;24606237;24606374;1;ENSDARG00000056318;kansl2;protein_coding;GTAGCCCTGAATCAAGGCCCGCAGCTTGCTGTAGCTGTTGGTTTCAAACAGCGGCTGACACAAAACACTTCTTAAGGTCTGTTGACTTTCCCAAAATGATCTGATGGGTTAAGTCGATTTCATTTTGAAGGAACATTT;BX957326.1;SNORA2;;
ENSDARG00000081648;23;ensembl;24606237;24606374;1;ENSDARG00000079148;nckap5l;protein_coding;GTAGCCCTGAATCAAGGCCCGCAGCTTGCTGTAGCTGTTGGTTTCAAACAGCGGCTGACACAAAACACTTCTTAAGGTCTGTTGACTTTCCCAAAATGATCTGATGGGTTAAGTCGATTTCATTTTGAAGGAACATTT;BX957326.1;SNORA2;;
ENSDARG00000117085;23;ensembl;19713095;19713228;-1;ENSDARG00000025581;rpl10;protein_coding;CTGCAGCTTATTAAGCCGACTGGACAGGTTGTGTGTACTTGTGTGGTGTGCAAAGGCTGCAGACAGTAAATCTTTGGTTGTGTATGAGCCTAGCTGGGTAGTGCTGGGCCCTTTAAGGGACCATTGAAACATGC;CR352234.4;SNORA70;;
ENSDARG00000081030;23;ensembl;17873526;17873598;1;ENSDARG00000005513;naca;protein_coding;CTCTTGATGATGATTTGACAATTTGACTTTCGTTCTTCTGAGTCTGATGAAGCCAAATTTTGTCCTGAAAGAG;CR381647.1;SNORD59;;
ENSDARG00000082833;23;ensembl;17874072;17874147;1;ENSDARG00000005513;naca;protein_coding;TCTTCTATGATGAATAAACTTTTGACTTTCGTTCTTCTGAGTTTGTCCTGAAGCCAGTTTATTTGTTCTGAGAAAA;CR381647.2;SNORD59;;
ENSDARG00000086733;21;ensembl;11961238;11961304;-1;ENSDARG00000012820;nop56;protein_coding;TGTGAGTGATGACTCTTTCCTCCTGACTCCTACGTGGAGGCGAAAACTGATTTAATGAGCCTGACAC;CT027620.1;SNORD57;;
ENSDARG00000082891;21;ensembl;26074446;26074513;1;ENSDARG00000006316;rpl23a;protein_coding;CTGCATATGATGTAAATTAAGTTTCTGCCTGAATGATTGTGATGCATTCAAAGGAACCACTGATGCTC;CR749178.1;SNORD42;;
ENSDARG00000081621;21;ensembl;5199981;5200059;-1;ENSDARG00000034291;rpl37;protein_coding;AGCTTACCAGTGATGTGCAAAAATAAATGTCTGAACAAATGAGTGTCCAGTGATAACTGATTTTGAACTGAGGTAAGCC;CR382296.1;SNORD72;;
ENSDARG00000111793;21;ensembl;43705608;43705684;1;ENSDARG00000016484;dkc1;protein_coding;GCCACATGATGTGATGTAGATTGCATTAGCACTCTGTGCAAAGATGACTCGCTATCTATCACCCAAGACTGATGGCT;CR792441.5;SNORD83;;
ENSDARG00000110554;21;ensembl;43709559;43709635;1;ENSDARG00000016484;dkc1;protein_coding;GCCACATGATGTGATGTAGATTGCATTAGCACACTGTGCAGAGATGACCAGTTATCTATCACCCATGACTGATGGCT;CR792441.4;SNORD83;;
ENSDARG00000083089;21;ensembl;43709859;43709995;1;ENSDARG00000016484;dkc1;protein_coding;AGCCAAAGCGTTGAGTTCAGCTCTGGGTTTCTCCCCAGTTCTGCTAATTAATCTTTGGTACAGAAAATGGCTGAGTGGTGATCAACATGAAGGGGTTATACTTTGACCTCCTTTATTAAACCCTTCAGCCGACATGA;SNORA36B;SNORA36;;
ENSDARG00000115970;21;ensembl;43710296;43710372;1;ENSDARG00000016484;dkc1;protein_coding;GCCACATGATGTGACGTAGATTGCATTAGCACACTGTGCGAAGATGACCAGTTATCTATCACCCATGACTGATGGCT;CR792441.6;SNORD83;;
ENSDARG00000083150;21;ensembl;43710610;43710685;1;ENSDARG00000016484;dkc1;protein_coding;GCCACATGATGTGATGTAGATTGCATTAGCATTGCTGCAAAGATGACCGTTTATCTATCACCCATGACTGATGGCT;CR792441.2;SNORD83;;
ENSDARG00000083826;21;ensembl;43713644;43713776;1;ENSDARG00000016484;dkc1;protein_coding;CTGCAGACTGTTATCCCTTTTTGTTCTGCTGTGAGCCTAGAGGGAGTCTGTCTGCTAAAGCAAAACCCTGAGCTCAGGCTAATGCTGTCTGCACGATGTGTGCACGATGGACACCTGAGCTCTGTGGACATCT;CR792441.3;;;
ENSDARG00000085249;21;ensembl;37072951;37073080;-1;ENSDARG00000091187;BX649250.2;protein_coding;GTGGTTAACCAACTGTTGCTGCAAGACTGAGCAGTGTTTTGCAGTATTCAATACCACACAGAGCAAGTTTGGTTCCTGCCGACAGGGCCTGTCAAGATATTGGGTTCTCTGTGCGATGGTTCCATACATA;BX649250.1;SCARNA14;;
ENSDARG00000081946;11;ensembl;7149989;7150082;1;ENSDARG00000097452;CU929070.5;processed_transcript;TCTGGTAGCAATGATGACTTAATCTTTTTTCCCCAGCAGATCGACTCTGTTGACTTGTGAAACGAAAATAAGCCAAATTATCTGAGCAAACTGA;CU929070.3;SNORD12;;
ENSDARG00000083266;11;ensembl;7150274;7150366;1;ENSDARG00000097452;CU929070.5;processed_transcript;TCTGGTGCACGTGATGACTAACCTTTTTTCCCCAGCAGATCGACTCTGTTGACCTTTAAAACGAAAATAAGCCAAATTATCTGAACAACCAGA;CU929070.4;SNORD12;;
ENSDARG00000080372;11;ensembl;7150547;7150640;1;ENSDARG00000097452;CU929070.5;processed_transcript;TCTGGTGCACGTGATGACTAACCTTTTTTCCCCAGCAGATCGACTCTGTTGACTTGTAACACGAAAAATAAGCCAAATTATCTGAGCAACCAGA;CU929070.1;SNORD12;;
ENSDARG00000081802;11;ensembl;7150820;7150906;1;ENSDARG00000097452;CU929070.5;processed_transcript;GGTGCACATGATGACTGACCTTTTTTCCCCAGCAGATCGATAGTGTTGACTCCCTTAATCAATTTAAGCCAATTTATCTGAAGCACC;nan;SNORD12;;
ENSDARG00000086888;11;ensembl;23655350;23655478;-1;ENSDARG00000086927;pik3c2b;protein_coding;CTGGAGGGCATGAAAACAGGCTCTTCAAGCTCTAGAGCTTTGTTGATACTCGCCTCCTATAGTAAAACTGTGGTTAGAACCGGCCAATTTGTTTAAGTCTAATTTGGCCTACAAACACCACAGACATGC;LO016980.1;;;
ENSDARG00000085825;11;ensembl;5481753;5481884;1;ENSDARG00000006963;cse1l;protein_coding;TTGTCCAGTCATGTGATCCTCGTCTCAGTCTATGACATTGGAATCACTGGCAGGACATACAGAAATATCCGTCCAGTATAGGGGGCATTTCCCAAGAAGTAGGACTTGATCCTAAAGGCAGGACGGAACATC;CR559931.1;SCARNA11;;
ENSDARG00000115663;10;ensembl;17119917;17120049;1;ENSDARG00000095421;BX324123.4;processed_transcript;GCATCAGTGAGGTTTATCCTTGCCTGTTGTCTTAGAATTAAGACTTCAGCACATGATGATTGGATTCTATGAATACATGATTATACTCTGTATTCATATAGGGCTTGTCACCCATTTATGAATCCTGTCTGAT;BX324123.6;U8;;
ENSDARG00000109514;10;ensembl;17123368;17123500;1;ENSDARG00000095421;BX324123.4;processed_transcript;GTATCAGTGAGGTTTATCCTTACCTGTTGTCTTAGAAATAAGACTGCAGTATATGATGACTGGATTCTATGAATATGTGATTATGTTCTGTATTTGTACATGACTTGCAACCCCTTTATAAATCCTATCTGAT;BX324123.5;U8;;
ENSDARG00000081379;10;ensembl;17125340;17125466;1;ENSDARG00000095421;BX324123.4;processed_transcript;ACATCAGTGAGGTTTGTCCTACCTGTTGTTTTAGAAATAAGACTTTAGCACATGATGATTGGATTCTATGAATATGTGATTATATTCTGTATTCGTATAGGGTTCACAACTCAGGATCCTATGTGAT;BX324123.3;U8;;
ENSDARG00000080633;10;ensembl;17127316;17127448;1;ENSDARG00000095421;BX324123.4;processed_transcript;GCATCAGTGAGGTTTATCCTTACCTGTTGTCTTAAAAATAAGACTACAGCACATGATGATTGGATTCTATGAATACGTGATTATATTCTGTATTCTTAAAGGGTTTGCAACACCTTTATGAATCCTGTCTGAC;BX324123.2;U8;;
ENSDARG00000115047;10;ensembl;29850572;29850667;1;ENSDARG00000068992;hspa8;protein_coding;TCGCTATGATGAAGTTTATTCCTTGCCATTCGTAGTTTCCACCAGAGGTTGAAAAACCAAAGATGGCCCAAGTACCTTCCTTGGATGTCTGAGCGA;BX120005.5;SNORD14;;
ENSDARG00000113056;10;ensembl;29851000;29851095;1;ENSDARG00000068992;hspa8;protein_coding;TCGCTATGATGAAGTTTATTCCTTGCCATTCGTAGTTTCCACCAGAGGTTGAAAAACCAAAGATGGTCCAAGCACCTTCCTTGGATGTCTGAGCGA;BX120005.4;SNORD14;;
ENSDARG00000082008;10;ensembl;29852147;29852242;1;ENSDARG00000068992;hspa8;protein_coding;TCGCTGTGATGAAGTTTATTCCTTGCCATTCGTAGTTTCCACCAGAGGTTGAAAAACCAAAGATGGCCCAAGTACCTTCCTTGGATGTCTGAGCGT;nan;SNORD14;;
ENSDARG00000085781;24;ensembl;39787473;39787564;1;ENSDARG00000062058;slc12a7b;protein_coding;AGGGCAGTGCTGATTGGCGCAGGGGTGACGGAGCACAGATGCATGCTGGGAAGTGTGGTTTTCTGCAGAACTCTACTGTTCTACCTCGTCCT;CT573356.2;;;
ENSDARG00000081440;22;ensembl;36675801;36675931;-1;ENSDARG00000002710;ncl;protein_coding;CGCTTCTCATGAGCTCCTCTCCGTCAGTCCAGTGGCGGTGTATGGATTCGCACGAGAAGTAGAGTCAAAATCACAGTTAATCAGGTGTTCTCAGTGTTTTGGGACGCACCGATGTCTGATGTGAGACACTT;CU469540.1;SNORA75;;
ENSDARG00000083582;22;ensembl;36677247;36677370;-1;ENSDARG00000002710;ncl;protein_coding;CGCTTCTCATGAGCTCCTCTCCGTCAGTCCAGTGGCGGTGTATGGATTCGCACGAGAAGTAGAGTCAAAATCACAGTTAATCAGGTGTTCTCAGTGTTGCACCGATGTCTGATGTGAGACACTT;CU469540.2;SNORA75;;
ENSDARG00000107036;22;ensembl;36683988;36684056;-1;ENSDARG00000002710;ncl;protein_coding;ACTACACATGATGATCAACAAGGGACTTAATACTGATGTATGTGATGTCACCTTATTACTGTTCTGATG;CU469540.3;SNORD82;;
ENSDARG00000080172;22;ensembl;20139525;20139592;1;ENSDARG00000042094;eef2a.1;protein_coding;ATTGATGATGATTTAAACATTCTTCACTTTGACCTGAATATCTTGTGATGAGAATTTTCAATCTGATA;BX005203.1;SNORD37;;
ENSDARG00000085594;22;ensembl;20151925;20151981;1;ENSDARG00000042065;eef2a.2;protein_coding;ATTGATGATGATTTAAACATTCTTCACTTTGACCTGAATATCTATATTACATAGAGA;BX005203.2;;;
ENSDARG00000082419;22;ensembl;31043509;31043647;1;ENSDARG00000054818;rpl32;protein_coding;TATCTCTGTGGTCGTACCTGCTGAATTCTCCATATTCATCCCAGGTGTAGAATTCAGAGAAATAGCATTGCAGAGGAAGTGCCCATTCCACCGCTAACTCTGTCCGTAGTCAGCTGGTGGAAGATAATCTGCTACAAGT;BX537350.1;;;
ENSDARG00000084004;22;ensembl;26781531;26781660;1;ENSDARG00000104609;crebbpa;protein_coding;ACCTCCTACAAAGGCGCAGTTGCATTGGCCCGCTTGCGAATGCGTAAGAACTGGAGGAATAGAAAATGAATGGTGTGTTTCATCTGAACTACCTGCGCTTTGCAGTTAGCAACTACACAATCAGACATTT;AL953841.1;;;
ENSDARG00000109437;25;ensembl;3316057;3316283;1;ENSDARG00000025566;slc25a3b;protein_coding;CACACGTTCCTTAGATCCGCCTCTGGGGAGCGTCAGTGCTCTTCTTCTGCTGCTCTCTGTGTGAGAGCATCAGGGTCGACCGCAGCTCCCGCCAGCTTTACTGCTGTACCGTCAGAGGCGCTTGAGTCATTGGCGTGTGAGATCAGTCCATCTGCTTACCCAGAATTCTCTCTGCCCTGAACCTTCACAGGAGTCCACCAGGGCAGAGCTGCTGGGTAGCGGACACA;CU207255.1;SNORA53;;
ENSDARG00000115852;25;ensembl;3319164;3319390;1;ENSDARG00000025566;slc25a3b;protein_coding;CACACGTTCCTTAGATCCGTCTCTGGGGAGCGTCAGTGCTCTTCTTCTGCTGCTCTCTGTGTGAGAGGATCAGGGTCGACCGCAGCTCCCGCCAGCTTTACTGCTGTACCGTCAGAGGCGCTTGAGTCATTGGCGTGTGAGATCAGTCCACCTGCTTACCCAGAATTCTCTCTGCCCTGAACCTTCACAGGACTACAGCAGGGCAGAGCTGCTGGGGAGCGGACACA;CU207255.2;SNORA53;;
ENSDARG00000080532;25;ensembl;195790;195914;1;ENSDARG00000046157;RPS17;protein_coding;CCCTGTTTCGAAAGTGACCGTGGTGTGTGTGGTCTCCAGGTCATTGATAAAACAGGAAGAGGAAGTGAAAGTGTTTCCCGTGTGTGCTGGACTCTGTTCCTGACAGACCCTGAATCTTTCACACA;FP236318.1;SNORA71;;
ENSDARG00000080855;25;ensembl;196605;196729;1;ENSDARG00000046157;RPS17;protein_coding;ACCTGTTTCGAAAGTGACCGTGGTGTGTGTGGTCTCCAGGTCATTGATAAAACAGGAAGAGGAAGTGAAAGTGTTTCCCGTGTGTGCTGGACTCTGTTCCTGACAGACCCTGAATCTTTCACACA;FP236318.2;SNORA71;;
ENSDARG00000080855;25;ensembl;196605;196729;1;ENSDARG00000114901;FP236318.5;protein_coding;ACCTGTTTCGAAAGTGACCGTGGTGTGTGTGGTCTCCAGGTCATTGATAAAACAGGAAGAGGAAGTGAAAGTGTTTCCCGTGTGTGCTGGACTCTGTTCCTGACAGACCCTGAATCTTTCACACA;FP236318.2;SNORA71;;
ENSDARG00000109652;1;ensembl;7918795;7918882;-1;-;-;-;AGCCGCTGATGACTTCCATTAACTTTTTCTGACACCTCGTATGAAAGCTGTATTTCAGCATCTGATTATAAACTTAAGTCTGAGGCTC;CR855320.4;SNORD60;;
ENSDARG00000115102;1;ensembl;7919480;7919567;-1;-;-;-;AGCCGCTGATGACTTCAGTTTACTTTTTCTGACACCTCGTATGAACGCTGTAATTCAGCAACTGATTATTAAGTTTAGTCTGAGGCTC;CR855320.5;SNORD60;;
ENSDARG00000115288;1;ensembl;7920119;7920206;-1;-;-;-;AGCCGATGATGACTTCAATTTACTTTTTCTGACACCTCGTATGAACGCTGTTATTCAGCAGCTGATTATAAACTTAAGTCTGAGGCTC;CR855320.6;SNORD60;;
ENSDARG00000109375;1;ensembl;16458525;16458741;1;-;-;-;AAGACTATACTTTCAGGGATCATTTCTATAGTTCTTAACTAGGAAATGTGTTTCGAAAGTGACGAGTCCCCCAAACCACGATGATGAGTTTTGATACTCTTTTCTGAGCGTGAATCAGATGCAGAGAAATGATTCAGTTCATATGCTCTGTATCATTGAAGAACGTTCCTTGTTGTGTTCCACAACATAGGAGGAAAAGAGTATGAGCAGAGTGGTT;CT573256.2;U3 / ACEA_U3;;
ENSDARG00000115704;1;ensembl;16458525;16458740;1;-;-;-;AAGACTATACTTTCAGGGATCATTTCTATAGTTCTTAACTAGGAAATGTGTTTCGAAAGTGACGAGTCCCCCAAACCACGATGATGAGTTTTGATACTCTTTTCTGAGCGTGAATCAGATGCAGAGAAATGATTCAGTTCATATGCTCTGTATCATTGAAGAACGTTCCTTGTTGTGTTCCACAACATAGGAGGAAAAGAGTATGAGCAGAGTGGT;CT573256.3;U3 / ACEA_U3;;
ENSDARG00000110937;1;ensembl;16927724;16927939;-1;-;-;-;AAGACTATACTTTCAGGGATCATTTCTATAGTTCTTAACTAGGAAATGTGTTTCTAAAGTGATGAGTCTCCCAGACCACGATGATGATTCTTGATACTCTTTTCAGAGCATGAATCAGATGTAGAGAGATGATTTGATTCATATACTCTATATCATTGATGAATGTTCTTTGTTGTATTTTACAACATAGGAGGAAAAGAGTATAAACTGAGTGGA;CR377220.2;U3 / ACEA_U3;;
ENSDARG00000117129;1;ensembl;16930156;16930372;-1;-;-;-;AAGACTATACTTTTAGGGATCATTTCTATAGTTCTTAACTAGGAAATGTGTTTCTTAAGTGATGAGTCTCCCAAACCACGATGATGATTCTTGATACTCTTATCAGAGCATGAATCAGATTTAGAGAGATGATTCGATTCATATGCTCTGTATCTTTGATGAATGTTCTTTGTTGCATCTTACAAAATAGGAGGAAAAGAGTATGAACTGAGTGGTT;BX928751.8;U3 / ACEA_U3;;
ENSDARG00000116147;1;ensembl;16932586;16932801;-1;-;-;-;AAGACTATACTTTCAGGGATCATTTCTATAGTTCTTAACTAGGAAATGTGTTTCTTAAGTGATGAGTCTCCCAAACCACGATGATGATTCTTGATACTCTTTTCAGAGTATGAATCAGATGTAGAGAGATGATTTGATTCATATGCTCTGTATCATTGATGAATGTTCTTTGTTGCATCTTACAACATAGGAGGAAAAGAGTACAAATTGAGTGGT;BX928751.5;U3 / ACEA_U3;;
ENSDARG00000116406;1;ensembl;16935395;16935611;-1;-;-;-;AAGACTATACTTTCAGGGATCATTTCTATAGTTCTTAACTAGGAAATGTGTTTCTAAAGTGTTGAGTCTACCAAACCACGATGATGCTTCTTGATACTCTTTTCTGAGCATGAATCAGATACAGAGAGATGATTTAATTCATATTCTCTGTATCTTTGATGAATGTTCCTTGTTGTGTCTTACAGCATAGGAGGAAAAGAGTATGAACTGAGTGGAT;BX928751.6;U3 / ACEA_U3;;
ENSDARG00000111254;1;ensembl;16935396;16935611;-1;-;-;-;AAGACTATACTTTCAGGGATCATTTCTATAGTTCTTAACTAGGAAATGTGTTTCTAAAGTGTTGAGTCTACCAAACCACGATGATGCTTCTTGATACTCTTTTCTGAGCATGAATCAGATACAGAGAGATGATTTAATTCATATTCTCTGTATCTTTGATGAATGTTCCTTGTTGTGTCTTACAGCATAGGAGGAAAAGAGTATGAACTGAGTGGA;BX928751.1;U3 / ACEA_U3;;
ENSDARG00000113731;1;ensembl;16937417;16937633;-1;-;-;-;AAGACTATACTTTCAGGGATCATTTCTATAGTTTTAAACTAGGAAATGTGTTTCTAAAGTGTTGAGTCTCCCAAACCACCATGACGATTCTTGATGCTCTTTTCTGAGCGTGAATCAGATGCAGACAAATGATTTAATTCATATCCTCTGTATCATTGATGATTGTTCCTTGTTGTGTCATACAACAAAGGAGGAAAAGAGTATGATCTGAGTGGTT;BX928751.3;U3 / ACEA_U3;;
ENSDARG00000115569;1;ensembl;16937418;16937633;-1;-;-;-;AAGACTATACTTTCAGGGATCATTTCTATAGTTTTAAACTAGGAAATGTGTTTCTAAAGTGTTGAGTCTCCCAAACCACCATGACGATTCTTGATGCTCTTTTCTGAGCGTGAATCAGATGCAGACAAATGATTTAATTCATATCCTCTGTATCATTGATGATTGTTCCTTGTTGTGTCATACAACAAAGGAGGAAAAGAGTATGATCTGAGTGGT;BX928751.4;U3 / ACEA_U3;;
ENSDARG00000113149;1;ensembl;16939166;16939381;-1;-;-;-;AAGACTATACTTTCAGGGATCATTTCTATAGTTGTTAACTAGGACATGTGTTTCTAAAGTGTGGAGTCTTCCAAACCACGATGATGATTCTTGATACTCTTTTCTGAGCCTGAATCAGATGCAGAGAAATGATTTAATTCATATTCTCTGTATCTTTGATGAATGTTCCTTGTTGTCTCTTACAACATAGGAGGAAAATAGTATGATCTGAGTGGT;BX928751.2;U3 / ACEA_U3;;
ENSDARG00000116958;1;ensembl;16941215;16941430;-1;-;-;-;AAGACTATACTTTCAGTGATCATTTCTATAGCTCTTAACTAGGAAATGTGTTTCTAAAGTGATGAGTCTCCCAAACCACGATGATGGTTTTTGATACTCTTTTCTGAGTGTGAATCAGATGCAGAGAGTTGATTTAATTTACTTGCTCTGTATCATTGTTGAATTTACTTTGTTGTGTCTTACAACATAGGAGGAATAGAGTATGAACTGAGTGGT;BX928751.7;U3;;
ENSDARG00000082850;10;ensembl;22847272;22847404;1;-;-;-;ACATCAGTGAGGTACATCCTTACCTGTTACCTTAGCAATAAGGTTACAGATCATGATGATTGGATTCTATGAATACGTGATTATATACCGTATTTGTTTAGGGACTGCAACCCCTTTACGAATCCTGTCTGAC;AL807389.1;U8;;
ENSDARG00000111813;14;ensembl;11609562;11609778;-1;-;-;-;AAGACTATACTTTCAGGGATCATTTCTATAGTTCTTAACTAGGAAATGTGTTTCTAAATTGATGAGTCTCCCAAACCACGATGATGATTCTTGATGCTCTTTTCTTAGCGTGAATCAGATGCAGAGAGATGATTCAATTCATGTGCTCTGGATCATTGATGAATGTTCCTCGTTGTGTCTCACAACAGAGGAGGAAAAGAGTATGAGCAGAGTGGCT;CU367852.4;U3 / ACEA_U3;;
ENSDARG00000113221;14;ensembl;11609563;11609778;-1;-;-;-;AAGACTATACTTTCAGGGATCATTTCTATAGTTCTTAACTAGGAAATGTGTTTCTAAATTGATGAGTCTCCCAAACCACGATGATGATTCTTGATGCTCTTTTCTTAGCGTGAATCAGATGCAGAGAGATGATTCAATTCATGTGCTCTGGATCATTGATGAATGTTCCTCGTTGTGTCTCACAACAGAGGAGGAAAAGAGTATGAGCAGAGTGGC;CU367852.6;U3 / ACEA_U3;;
ENSDARG00000116747;14;ensembl;11612057;11612272;-1;-;-;-;AAGACTATACTTTCAGGGATCATTTCTATAGTTCTTATCTAGGAAATGTGTTTCTAAAGTGATGAGTCTCCCAAACCACGATGATGATTCTTGATGCTCTTTTCTTAGCGTGAATCAGATGCAGAGAGATGATTCAATTCATGTGCTCTGGATCATTGATGAATGTTCCTCGTTGTGTCTCACAACAGAGGAGGAAAAGAGTATGAGCAGAGTGGC;CU367852.14;U3 / ACEA_U3;;
ENSDARG00000112219;14;ensembl;11614549;11614765;-1;-;-;-;AAGACTATACTTTCAGGGATCATTTCTATAGTTCTTAACTAGGAAATGTGTTTCTAAAGTGATGAGTCTCCCAAACCACGATGATGATTCTTGATACTCTTTTCTTAGCATGAATCAGATGCAGAGAGATGATTCAATTCATGTGCTCTGGATCATTGATGAATGTTCCTCGTTGTGTCTCACAACAGAGGAGGAAAAGAGTATGAGCAGAGTGGCT;CU367852.5;U3 / ACEA_U3;;
ENSDARG00000114807;14;ensembl;11614550;11614765;-1;-;-;-;AAGACTATACTTTCAGGGATCATTTCTATAGTTCTTAACTAGGAAATGTGTTTCTAAAGTGATGAGTCTCCCAAACCACGATGATGATTCTTGATACTCTTTTCTTAGCATGAATCAGATGCAGAGAGATGATTCAATTCATGTGCTCTGGATCATTGATGAATGTTCCTCGTTGTGTCTCACAACAGAGGAGGAAAAGAGTATGAGCAGAGTGGC;CU367852.12;U3 / ACEA_U3;;
ENSDARG00000113745;14;ensembl;11627338;11627553;-1;-;-;-;AAGGCTATACTTTCAGGGATCATTTCTATAGTTCTTAACTAGGAAATGTGTTTCTAAAGTGATGAGTCTCCCAAACCACGATGATGATTCTTGATACTCTTTTCTTAGCATGAATCAGATGCAGAGAGATGATTCAATTCATGTGCTCTGGATCATTGATGAATGTTCCTCGTTGTGTCTCACAACAGAGGAGGAAAAGAGTATGAGCAGAGTGGC;CU367852.8;U3 / ACEA_U3;;
ENSDARG00000114688;14;ensembl;11629832;11630048;-1;-;-;-;AAGACTATACTTTCAGGGATCATTTCTATAGTTCTTAACTAGGAAATGTGTTTCTAAAGTGATGAGTCTCCCAAACCACGATGATGATTCTTGATGCTCTTTTCTTAGCGTGAATCAGATGCAGAGAGATGATTCAATTCATGTGCTCTGGATCATTGATGAATGTTCCTCGTTGTGTCTCACAACAGAGGAGGAAAAGAGTATGAGCAGAGTGGCT;CU367852.11;U3 / ACEA_U3;;
ENSDARG00000113849;14;ensembl;11629833;11630048;-1;-;-;-;AAGACTATACTTTCAGGGATCATTTCTATAGTTCTTAACTAGGAAATGTGTTTCTAAAGTGATGAGTCTCCCAAACCACGATGATGATTCTTGATGCTCTTTTCTTAGCGTGAATCAGATGCAGAGAGATGATTCAATTCATGTGCTCTGGATCATTGATGAATGTTCCTCGTTGTGTCTCACAACAGAGGAGGAAAAGAGTATGAGCAGAGTGGC;CU367852.9;U3 / ACEA_U3;;
ENSDARG00000109533;14;ensembl;11632363;11632578;-1;-;-;-;AAGATTATACTTTCAGGGATCATTTCTATAGTTATTAACTAGGAAATGTGTTTCTAAAGTGATGAGTCTCCCAAACCACGATGATAATTCTTGATACTCTTTTCTTAGCGTGAATCAGATGCAGAGAGATGATTCAATTCATGTGTTCTGCATCATTGATGAATGTTCCTCGTTGTGTCTCACAACAGAGAAGGAAAAGAGTATGAGCAGAGTGGC;CU367852.1;U3 / ACEA_U3;;
ENSDARG00000113902;14;ensembl;11634864;11635080;-1;-;-;-;AAGACTATACTTTCAGGGATCATTTCTATAGTTCTTAACTAGGAAATGTGTTTCTAAAGTGATGAGTCTCCCAAACCACGATGATGATTCTTGATACTCTTTTCTTAGCGTGAATCAGATGCAGAGAGATGATTCAATTCATGTGTTCTGGATCATTGATGAATATTCCTCGTTGTGGCTCACAACAGAGGAGGAAAAGAGTATGAGCAGAGTGGCT;CU367852.10;U3 / ACEA_U3;;
ENSDARG00000115495;14;ensembl;11634865;11635080;-1;-;-;-;AAGACTATACTTTCAGGGATCATTTCTATAGTTCTTAACTAGGAAATGTGTTTCTAAAGTGATGAGTCTCCCAAACCACGATGATGATTCTTGATACTCTTTTCTTAGCGTGAATCAGATGCAGAGAGATGATTCAATTCATGTGTTCTGGATCATTGATGAATATTCCTCGTTGTGGCTCACAACAGAGGAGGAAAAGAGTATGAGCAGAGTGGC;CU367852.13;U3 / ACEA_U3;;
ENSDARG00000113344;14;ensembl;11637354;11637570;-1;-;-;-;AAGACTATACTTTCAGGGATCATTTCTATAGTTCTTAACTAGGAAATGTGTTTCTAAAGTGATGAGTCTCTCAAACCACGATGATGATTCTTGATACTCTTTTCTTAGCGTGAATCAGATGCAGAGAGGTGATTCAATTCATGTGTTCTGGATCATTGATGAATATTCCTCGTTGTGTCTCACAACAGAGGAGGAAAAGAGTATGAGCAGAGTGGCT;CU367852.7;U3 / ACEA_U3;;
ENSDARG00000110201;14;ensembl;11637355;11637570;-1;-;-;-;AAGACTATACTTTCAGGGATCATTTCTATAGTTCTTAACTAGGAAATGTGTTTCTAAAGTGATGAGTCTCTCAAACCACGATGATGATTCTTGATACTCTTTTCTTAGCGTGAATCAGATGCAGAGAGGTGATTCAATTCATGTGTTCTGGATCATTGATGAATATTCCTCGTTGTGTCTCACAACAGAGGAGGAAAAGAGTATGAGCAGAGTGGC;CU367852.3;U3 / ACEA_U3;;
ENSDARG00000109938;14;ensembl;11640626;11640841;-1;-;-;-;AAGACTATACTTTTAGAGATCATTTCTATACTTCTTAACTCCGAAATGTGTTTTTAAAGTGATTAGTCTCCCAAACCACGATGATGATTCTTGATATTCTTTTCTTAACGTGACTCAGATGCAGATAGATGATTCAATTTATTTGCTCTGGATCATTGGTGAATGTTTCTCGTTGTGTCTCACAGCAGAGGACGAAAAGAGAATGAGCAGAGTGGC;CU367852.2;U3;;
ENSDARG00000113271;15;ensembl;425695;425756;-1;-;-;-;GGTCAATGATGAGAACTAGCCAAATCTGAGTGTGTGTGTCACACCACTGATTATTTGCGAGA;CABZ01056628.1;;;
ENSDARG00000083424;2;ensembl;26501768;26501900;1;-;-;-;AGGAGGATTGAGAAAGTTAGGCAGCTGTTTTAGTACTGCATTAACTGGTTATAACCTCCTAGAAAAAAACACAAGTGCTCAAAGTGCTCTTTCATTCTGTGTGTAAAAGTAGTCGAGTTCTTGTGGACATGTT;BX569796.1;SNORA47;;
ENSDARG00000110897;20;ensembl;3322604;3322820;-1;-;-;-;AAGACTATACTTTCAGGGATCATTTCTATAGGTTCTCACTAGGAAATGTGTTTTGAAAGTGTTGTGTCTCCCAAACCGCGATGAAGAGTGTTGATGCTCTTTTCTAAGCGTGAATCTGGTGTAGAGAAATGGTTTGTCTCATATGCTCTACACTGTTGATGACCGTCCCTGACTGCTTAAAGCAGTTTTGGAGGAAAAGAGCCTGAACTGAGCGGCA;CU570797.6;U3 / ACEA_U3;;
ENSDARG00000111622;20;ensembl;3322605;3322820;-1;-;-;-;AAGACTATACTTTCAGGGATCATTTCTATAGGTTCTCACTAGGAAATGTGTTTTGAAAGTGTTGTGTCTCCCAAACCGCGATGAAGAGTGTTGATGCTCTTTTCTAAGCGTGAATCTGGTGTAGAGAAATGGTTTGTCTCATATGCTCTACACTGTTGATGACCGTCCCTGACTGCTTAAAGCAGTTTTGGAGGAAAAGAGCCTGAACTGAGCGGC;CU570797.8;U3;;
ENSDARG00000116159;20;ensembl;3323566;3323782;-1;-;-;-;AAGACTATACTTTCAGGGATCATTTCTATAGTTTCTTACTAGGAAATGTGTTTTGAAAGTGTTGTGTCTCCCAAACCACCATGAAGAGTGTTGATGCTCTTTTCTAAGCGTGAATCTGGTGTAGAGAAATAGTTCGTCTCATGTGCTCTACACTGTTGATGACTGCTCCTGACTGTTTAACACAGTTTTGGAGGAAAAGAGCCTGAACTGAGTGGTA;CU570797.13;U3 / ACEA_U3;;
ENSDARG00000103728;20;ensembl;3323567;3323782;-1;-;-;-;AAGACTATACTTTCAGGGATCATTTCTATAGTTTCTTACTAGGAAATGTGTTTTGAAAGTGTTGTGTCTCCCAAACCACCATGAAGAGTGTTGATGCTCTTTTCTAAGCGTGAATCTGGTGTAGAGAAATAGTTCGTCTCATGTGCTCTACACTGTTGATGACTGCTCCTGACTGTTTAACACAGTTTTGGAGGAAAAGAGCCTGAACTGAGTGGT;CU570797.2;U3;;
ENSDARG00000109928;20;ensembl;3324483;3324698;-1;-;-;-;AAGATTATACTTTCAGGGATCATTTCTATAGTTTCTCACTAGGAAATGTGTTTTGAAAGTGTTGTGTCTCCCAAACCGCGATGAAGAGTGTTGATGGTCTTTTCTAAGCATGAATCTGGTGTAGAGAAATGGTTTGTCTCATATGCTCTACACTGTTGATGACTGCTCCTGACTGCTTAAAGCAGATTTGGAGGAAAAGAGCCTGAACTGAGCGGC;CU570797.4;U3;;
ENSDARG00000111498;20;ensembl;3325446;3325661;-1;-;-;-;AAGACTATACTTTCAGGGATCATTTCTATAGTTTCTCACTAGGAAATGTGTTTTGAAAGTGTTGAGTCTCCCGAACTGCGATGAAGAGTGTTGATGCTCTTTTCTAAGCGTGAATCTGGTGTAGAGAAATGGTTTGTCTTATACGCTCTACACTGTTGATGACCGTTCCTGACTGCTCAAAGCAGTTTTGGAGGAAAAGAGCATGAACTGAGCAGC;CU570797.7;U3 / ACEA_U3;;
ENSDARG00000109939;20;ensembl;3327390;3327605;-1;-;-;-;AAGACTATACTTTCAGGGATCATTTCTATAGTTTCTCACTAGGAAATGTGTTTTGAAAGTGTTGTGTCTCACAAACCGTGATGAAGAGTGTTGATGCTCTTTTCTAAGCGTGAATCTGGTGTAGAGAAATGATTTGTCTCATACGCTATACACTGTTGATGACTGCTCCTGACTGCTTAAAGCAGTTTTGGAGGAAAAGAGCCTGAACTGAGCGGC;CU570797.5;U3 / ACEA_U3;;
ENSDARG00000109270;20;ensembl;3328354;3328569;-1;-;-;-;AAGACTATACTTTCAGGGATCATTTCTATAGTTTCTCACTAGGAAATGTGTTTTGAAAGTGTTGAGTCTCCCAAACCGCGATGAAGAGTATTGATGCTCTTTTCTAAGCATGAATCTGGTGTAAAGAATTGTTTTGTCTCATCTGCTTTACACTGTTGATGACTGCTCCTGACTGTTTAACACAGTTTTGGAGGAAAAGAGCATGAGCTGAGCGGC;CU570797.3;U3 / ACEA_U3;;
ENSDARG00000114361;20;ensembl;3329513;3329727;-1;-;-;-;AAGACTATACTTTCAGGGATCATTTCTATAGTTTCTCACTAGGAAATGTGTTTTGAAAGTGTTGAGTCTCCCAAACCGCGATGAAGAGTGTTGATGCTCTTTTCTAAACGTGAATTTGGTGTAGAGAAATGATTGTCTTATTCGCTCTACAATATTGATGACTGTTCCTGACTGCTCGAAGCAGTTTTGGAGGAAAAGATCATGAACTGAGCAGC;CU570797.12;U3;;
ENSDARG00000112804;20;ensembl;3330476;3330691;-1;-;-;-;AAGACTATACTTTCAGGGATCATTTCTATAGTTTCTCACTAGGAAATGTGTTTCGAAAGTGTTGTGGCTCCCAAACCGTGATGAAGAGTATTGATGCTCTTTTCTAAGCGTGAATCTGGTGTAGAGAAATGGTTTGTCTCATATGCTCTACACTGTTGATGACTGCTCCTGACTGTTTAACACAGTTTTGGAGGAAAAGAGCATGAACTGAGCGGC;CU570797.10;U3 / ACEA_U3;;
ENSDARG00000099125;20;ensembl;3332611;3332826;-1;-;-;-;AAGACTATACTTTCAGGGATCATTTCTATAGTTTCTCACTAGGAAATGTGTTTCGAAAGTGTTGTGTCTCCCAGACTGCGATGAAGAGTGTTGATGCTCTTTTCTAAGCGTGAATCTGGTGTAGAGAAATGATTGTCTCATTCGCTCTACAATATTGATGACCGTTCCTGACTGCTCGAAGCAGTTTTGGAGGAAAAGATCATGAACTGAGCAGCA;CU570797.1;U3 / ACEA_U3;;
ENSDARG00000116506;20;ensembl;3332612;3332826;-1;-;-;-;AAGACTATACTTTCAGGGATCATTTCTATAGTTTCTCACTAGGAAATGTGTTTCGAAAGTGTTGTGTCTCCCAGACTGCGATGAAGAGTGTTGATGCTCTTTTCTAAGCGTGAATCTGGTGTAGAGAAATGATTGTCTCATTCGCTCTACAATATTGATGACCGTTCCTGACTGCTCGAAGCAGTTTTGGAGGAAAAGATCATGAACTGAGCAGC;CU570797.15;U3 / ACEA_U3;;
ENSDARG00000113840;20;ensembl;3333576;3333791;-1;-;-;-;AAGACTATACTTTCAGGGATCATTTCTATAGTTTCTCACTAGGAAATGTGTTTTGAAAGTGTTGAGTCTCCCAAACCGCGATGAAGAGTGTTGATGCTCTTTTCTAAGCATGAATCTGGTGTAGAGAATTGGTTTGTCTCATCTGCTTTACACTGTTGATGACTGCTCCTGACTGTTTAACACAGTTTTGGAGGAAAAGAGCATGAACTGAGCGGC;CU570797.11;U3 / ACEA_U3;;
ENSDARG00000112553;20;ensembl;3334542;3334758;-1;-;-;-;AAGACTATACTTTCAGGGATCATTTCTATAGTTTCTCACTAGGAAATGTGTTTCGAAAGTGTTGTGTTTCCCAAACCGCGATGAAGAGTGTTGATGCTCTGTTCTATGCGTAAATCTGGTGTAGAGAAATGGTTTGTCTCATATGCTCTACACTGTTGATGACCGCTCCTGACTGATTAAAGCAGTTTTGGAGGAAAAGAGTATGAACTGAGCGGCA;CU570797.9;U3 / ACEA_U3;;
ENSDARG00000116415;20;ensembl;3334543;3334758;-1;-;-;-;AAGACTATACTTTCAGGGATCATTTCTATAGTTTCTCACTAGGAAATGTGTTTCGAAAGTGTTGTGTTTCCCAAACCGCGATGAAGAGTGTTGATGCTCTGTTCTATGCGTAAATCTGGTGTAGAGAAATGGTTTGTCTCATATGCTCTACACTGTTGATGACCGCTCCTGACTGATTAAAGCAGTTTTGGAGGAAAAGAGTATGAACTGAGCGGC;CU570797.14;U3 / ACEA_U3;;
ENSDARG00000084628;20;ensembl;23081660;23081796;-1;-;-;-;GTTCCCTTCTACGCTTTGCCCACTGGAGGCTGTCTGTGTCTCTAGTGGCCATAACAGGGGGGTATATTGAGCTGCTCTTGTTAAAACCCAGGCCAGAGGTCATTCTCTGAGTCTGGATCCTGTCACAAGGCACATGT;CU693368.1;SNORA26;;
ENSDARG00000103384;20;ensembl;23081660;23081781;-1;-;-;-;TTGCCCACTGGAGGCTGTCTGTGTCTCTAGTGGCCATAACAGGGGGGTATATTGAGCTGCTCTTGTTAAAACCCAGGCCAGAGGTCATTCTCTGAGTCTGGATCCTGTCACAAGGCACATGT;CU693368.4;SNORA26;;
ENSDARG00000085485;20;ensembl;23082069;23082190;-1;-;-;-;TTGCACATTCAAGTCCTTCTATGGCTTGAGTGAATAACACAGGGGGGCAGAAGAATTCTCTCAAAAACCTGAAGTGCTGGCTTTGATATTCCATGCTTCGGATCCTGTCGGGAGAAACAACT;CU693368.2;SNORA26;;
ENSDARG00000101659;21;ensembl;7147698;7147835;1;-;-;-;GTTGCTCCTCGAGGCGTTGCAGCACAGCTGAGCGTGCTGTGTCTGTGTCATGAGGCAGCACAGAGCAGCAGGGCGCTAGAAACTACACTTTGTACCCATAATTCCACAGTGCAAAGAATGAATGACAGCCCCTACAAA;CU655836.1;SNORA17;;
ENSDARG00000080775;21;ensembl;40400714;40400788;1;-;-;-;TTGTGATGAAACTTAAACTGAAAATAGCTGGAATTACCGTCAGATGGTTCAGTGGTGATGATCGGTTTTCTGAGC;CR847523.2;SNORD65;;
ENSDARG00000080188;21;ensembl;40400938;40401012;1;-;-;-;ATATGATGAAACCTAAACTGATAATAGCTGGAATTACCGTCAGATTGATCAGTGGTGATAATCGGTTTTCTGACA;CR847523.1;SNORD65;;
ENSDARG00000084991;3;ensembl;6038203;6038338;1;-;-;-;GTTGCACACAGTTAGAGCCCTGCGCTGCTGGCGGTGCATTGTGGGGTGTAGGATGTGTGCTAAAACACTGCAGGGTCTCTGATCTCTTCTTTCTGTTCTTCATGAGAGCTGAGAAAATGAAGATCCTGCCACAAAT;BX284638.1;;;
ENSDARG00000080685;3;ensembl;55483513;55483647;1;-;-;-;AAGCACTGTCTTTGAACCTGTGTAGCCCATCCATGGCTCAGCGGGCCAAGCAACAGTGCAACAGTAAAGGGTTGTTATAACTGGAGCCCCTTGGCTTTTCTTCCCAAGTTGCTCTTTTAAAAGCAACCTACAAAT;CR392029.1;SNORA50;;
ENSDARG00000081799;5;ensembl;61580599;61580697;1;-;-;-;CTGCAATGATGAGTGAAAGAATGCATCTTGACTTGGTATTGTTGCTTTTTGGCATCATTGACCAAGGTTTGATTGAGGTTTAATCTTCTCTCTGAGCTG;AL935280.1;SNORA35;;
ENSDARG00000112042;7;ensembl;7772165;7772377;1;-;-;-;AAGACTATACTTTCAGGGATCATTTCTATAGTTCTTAACTAGGAAATGTGTTTCTAAAGAGTCGAGTCACCCAAACCACGATGAAGAGTGAAGGTGCATTCCTCTGAGCGTGAATCGGATAATAATCTGCGGGATAACCATGGATAATTATCATTGATGAACGTTCTGCGATTCTTAATGAATCTAAGAGGAGGAGTGCACGAACAGAGTGGT;CABZ01030292.2;miR-430;;
ENSDARG00000110604;7;ensembl;7772165;7772378;1;-;-;-;AAGACTATACTTTCAGGGATCATTTCTATAGTTCTTAACTAGGAAATGTGTTTCTAAAGAGTCGAGTCACCCAAACCACGATGAAGAGTGAAGGTGCATTCCTCTGAGCGTGAATCGGATAATAATCTGCGGGATAACCATGGATAATTATCATTGATGAACGTTCTGCGATTCTTAATGAATCTAAGAGGAGGAGTGCACGAACAGAGTGGTT;CABZ01030292.1;snoZ30;;
ENSDARG00000109750;7;ensembl;7778963;7779175;1;-;-;-;AAGACTATACTTTCAGGGATCATTTCTATAGTTCTTAACTAGGAAATGTGTTTCTAAAGTGTCGAGTCTCCCAAACCACGATGAAGAGTGAAGGTGCGTTCCTCTGAGCGTGAATCGGATAATAATCAATGGGTAAACCATGGATAATTATCATTGATGACCGTTCTACGGTTCTTATCGGACCTAAGAGGAGGAGTGCACGAACAGAGTGGT;CABZ01030291.1;U3 / ACEA_U3;;
ENSDARG00000109762;7;ensembl;7778963;7779176;1;-;-;-;AAGACTATACTTTCAGGGATCATTTCTATAGTTCTTAACTAGGAAATGTGTTTCTAAAGTGTCGAGTCTCCCAAACCACGATGAAGAGTGAAGGTGCGTTCCTCTGAGCGTGAATCGGATAATAATCAATGGGTAAACCATGGATAATTATCATTGATGACCGTTCTACGGTTCTTATCGGACCTAAGAGGAGGAGTGCACGAACAGAGTGGTT;CABZ01030291.2;U3 / ACEA_U3;;
snoRNA-pred5974;4;Predicted;77660746;77660857;1;ENSDARG00000068865;si:dkey-61p9.7;protein_coding;GCTGCTTGTGATGAAATCAGGAAGGTTCAGATGTCTGACCGCTTGTGTTAAAAGACAGAAGTGTATTAAAAATTGAACCGAGCTGAAGATCTAATGATCAAAACTGAAGCAG;nan;;;
snoRNA-pred5974;4;Predicted;77660746;77660857;1;ENSDARG00000097345;AL935186.3;antisense;GCTGCTTGTGATGAAATCAGGAAGGTTCAGATGTCTGACCGCTTGTGTTAAAAGACAGAAGTGTATTAAAAATTGAACCGAGCTGAAGATCTAATGATCAAAACTGAAGCAG;nan;;;
snoRNA-pred6521;7;Predicted;51825813;51825968;1;ENSDARG00000105682;BX957362.1;lincRNA;CAAACTGCATCGTGTTTAAGTTCCGTGTCTGTGTGACTGGGAGCTACGCTACGGTGCAACAGTATATCTCTTTATCATTTTGGGCTTTATCTTACTGCTAGTTGAGCCCTTCTGAAGAGAGAAACACTATATACAATGTTGTGAATATGATCTGGA;nan;;;
snoRNA-pred6447;7;Predicted;25042422;25042573;1;ENSDARG00000103682;si:dkey-23i12.5;processed_transcript;TTCACGAGATCTCTCAATGATGATAACTTTCACAGACCTGTACTGAATCACTGTGATTGCACAATATTTATCTGACGTGAGATCGAGATGATCATTGCATCCTTTTTATCGATTTTTATTTATTTATTTTTTTATAGTTTTGCGTTGATCGT;nan;;;
snoRNA-pred6451;7;Predicted;25045632;25045773;1;ENSDARG00000103682;si:dkey-23i12.5;processed_transcript;CTTCCTGTAACACATGATGATTTAGCAGTCTCGTTCGTCTGAAGTACTGTTGAGAAACCTAGCTTTATACTGATGTTACAACTATCACTTGCATGTCTGTATTTGTCAGTTTCTTCCACCTAAAAGTTCTCTTCACTCGTAG;nan;;;
snoRNA-pred6481;7;Predicted;26515396;26515579;-1;ENSDARG00000092115;eif4a1a;protein_coding;AGTTTTATACACGTGTCCCCTATCATCTGGGCAAAGCTGTGCCTGCCAGTGGCACAAAGCTTATATCTGTTAGGGGCAGAGGAAATAAAGGCCATATTCATCCCAGTCGGCTCAACGTAGTGAGAAAAAGACTGTTTCATGCTATGGGCACAGATACTTGTCTTAACTTGACTCATGAGCTCAG;nan;;;
snoRNA-pred6482;7;Predicted;26515830;26516089;-1;ENSDARG00000092115;eif4a1a;protein_coding;CTCCCTTGTATCAAGGGTATGTAGAAATGTAACTATCCATCTATATTTGCTTGGCACATTTACTTGAACGAAAATATTTGTTTATTCACGCCCTTATCATCTGGGCAAGGCTGTGTCTGTCAGTGACACTCTGACCTATATCTGGTAAGGGCAGAGGAAATAAAGCCCATATTCATCCCAGTCATCTCAATACAGTGAGGCATAGACTGTTTCATGGTATGGGCACAAACTGCCTCGGCATACTCCTTGAAGGCTTTAGT;nan;;;
snoRNA-pred6247;5;Predicted;61352613;61352789;1;ENSDARG00000094097;CR936321.5;processed_transcript;TATGCCTGTTAGAAATGATGCGAGCCTGCACTGTTGGTATCTGCATCCAGTTGTATGTCTGACTGAATGCTCAAATGCCAGTGCTAGAGAACCTCGACACCTGCTCTTAATGGACCTTGCATTTTTGTTGTTGGGTCCTGGCAGTGGCCGAGACAAGACGTCCTAAATTCTCTTTTC;nan;;;
snoRNA-pred6248;5;Predicted;61353984;61354249;1;ENSDARG00000094097;CR936321.5;processed_transcript;GAAATGAAAGCGTTTCCTAACCAGGCTTTTCCAAGAAGGTGAGAGCCAATCCACATCTTTGGATCACTTTCAAAGGGGGTCAGCCACTTCTCATCACTGGCGATCCTTAACGCAGTGATCCTACATCAGTGCCCTGTGAGACCTTTTGCAGGTCTTTTTGCTACATAAGATGCTTGCTGTCTTTAGGGCAACACTGTTTTAATTGTAAACTGTTTCAAACCTGTTGTATTGGCATTTTAAATCTGAACGCCGCTTTACTTTGTTTT;nan;;;
snoRNA-pred2130;3;Predicted;54556333;54556431;1;ENSDARG00000022232;ppan;protein_coding;ATCTGATGGCACAAATGATGACATTTTAGAATTTTGACTGTTGAGTGATGTCTTTTCAAAGTAAACGCACTGATGTGTCCAGATTGATTTAGGTATGTC;nan;;;
snoRNA-pred2132;3;Predicted;54558543;54558684;1;ENSDARG00000022232;ppan;protein_coding;TAAAGGTGCAGATGATGAAAGTTTTACTCATGACTTTCCCCTGATTGTTTTCAAAGTAAACGCACTGATGCACTCTAAAGCAAGTGCTCTTGCATGCGTTTTTTGGGATGTCTGCTAACCCCCTCTCCCTGTTGTGCTGCAG;nan;;;
snoRNA-pred2133;3;Predicted;54561166;54561448;1;ENSDARG00000022232;ppan;protein_coding;TTAAGTGCATATGATGAATTTGTATTATTATTGATGGAACGGTGATTCTTTTCAAAGTAAACGCACTGATGCACTTCTTTAATATATTTAGATTTGTAAAGCATGTAGTTGATTGTGTAAGTCACATTGTTGATGGTGTTTTTTTTCAGAGGTGTAAACCTTTCAGAAAGCGAGGCAGAGCAGGATGAGGAGCACAACATCACAGAGTTACCCCAAGTGTACTCTGGCCGAGGGAACATGGCGTCTCAGCAGAGTGCAGTTCGGCTGACAGAGGTGATGAAAG;nan;;;
snoRNA-pred6278;6;Predicted;7757797;7757951;-1;ENSDARG00000063295;myh9a;protein_coding;TTTTTTGACGACAATCCACCTGCTACATTGAGCTTTTGTGTGTCAGGCTTTTAGGTCGTCAGAGAGTAAAGCGAGTCTGGTTTTGCCAGTGTGTAAATTTGCAGGTGGTCTGCTGACTGTTCATCCTGGAAACCTAAAGATTCCACAGTTAATAG;nan;;;
snoRNA-pred6292;6;Predicted;13204817;13205099;-1;ENSDARG00000044521;eef1b2;protein_coding;CTTCCCCTAACACGTGATGATTATCCTAACACCATCTTTCGCCTGAGTGACTGATGCACAATTCTTTAATCTCTGATTGGTGTGGGAAATGTATGACCATCTCAACAGGTACACTCTTTTTAACATGAATTCAGTCTTCTCTTGTGTTCAGCCTTCCAGGTGTAAAGAAGCCTCTCGGTCAGTACGGGCCTGCCGGCATGGAGGACACAACTGCCGCAGCTCCTGCCGCGGCTGATGAAGACGATGATGACATCGATCTGTTTGGCTCCGATGAGGAAGAGGT;nan;;;
snoRNA-pred6390;6;Predicted;60061738;60061990;1;ENSDARG00000013522;pck1;protein_coding;TTGTGTGTGTGTGTGTGTGTTTACTGAGAAAACTCATTTAAAGAGACAGAACACACACAATAATCAGCATTTATGCACAGTTAAAGGGACGGTGCTCTCTAAAATGAAAAATATGTCACCATTTGTTTTAACCCTGAACACAAAAGAAGATATTCAGAGAAATGCTGAAGATCGTTGGCGTCTTCAGGAAGGACTGTTTGTTATTTAACCTTATAAATTATTGATGCGCACATTTATTTTCTGCTGGAGATGT;nan;;;
snoRNA-pred1107;2;Predicted;8657377;8657555;1;ENSDARG00000029248;fubp1;protein_coding;TTTAATGATTTTGGGCAGCTGCAGATCTTTCATAGTCCTCTCTGCAGTAGAGCTGCTATGGATTCAGCTGCCCTACAGTAAAGTAGTGGGTTTCTGTCCTGGCACTCGGAGGTAGTGTGATCAGGGTCGTTCCCCCGCTTACAAACATTCATGAATTGTGCAGAGCATGTTTTTGTGTA;nan;;;
snoRNA-pred1220;2;Predicted;57157714;57157877;1;ENSDARG00000100371;eef2b;protein_coding;GCGTGTAGTGGTCTGTGAGGAGAAATCATGCACCACTCTGATGTCATGATGGATAAACCAACCACAATATCTGAGACCTGTAGAGCTATCATTAATTCCAGAGTTAATCTTGTTCAATTATGTTAGAGCCGGTTGATTTTTAACGATTTGCTGTTTTCTCTCAG;nan;;;
snoRNA-pred1224;2;Predicted;57165737;57165877;1;ENSDARG00000100371;eef2b;protein_coding;TGACTGATGTCCTGCTGGTCTATGAGGAGAAATCATGCACCACTCTGATCTGCCAGGATGGATAAACACTACCACAAATATCTGAGACCGGCACCGACATCAGTTTATGCAATGAGGAGGGGTCACTTAGTGGTTTCCGAA;nan;;;
snoRNA-pred6714;9;Predicted;18909282;18909446;-1;ENSDARG00000092033;si:dkey-239h2.3;protein_coding;ATGTCAAGCTGATGTGCAATGATGACTAAAAATTGCTGAGGTCACGACCAGTGAAAGTACATAATCGCATGTATTACCTGAGCACATGTTTTCATGTAGGTTTGTAAGCTCTAAGGTCTGAAGACTCTATTTTTGACCGATTTTTCTCTCCGTTTTTTCTGCAGG;nan;;;
snoRNA-pred774;16;Predicted;29007256;29007494;1;ENSDARG00000005867;gon4l;protein_coding;TGAATACTATATATAAATCACACATTAGATTTCTTACATAAACATGACATTTCTACTATTACAAATGAAGGATACACGTTAAAATAGCATCGAGAAGAGTCCTCCCTTTGGGACAGAGCAGCAGAGGAGTGCTGTGTCTGTTTGGGTAGGGAGGAAGAGAAATGCTCCAATGTGTCTGATTGTTTTGCTGTAGATCCAGTACCCAGTACAGACGCTGCAGAGCTACATGTATACTTTAA;nan;;;
snoRNA-pred1236;20;Predicted;2735176;2735472;1;ENSDARG00000040184;syncrip;protein_coding;GCTCATCGTTGTGGAGAACTTGTAAACATCATCAGGCAGTTTTATTCTAGAGCTTCAGACAGCAAGATACAGAATAAACACTGAGTCAGTAATCAAACAAGTGCCTGGAGAATTAGCAACACTGCAATTCCTGAGGTCTGCATTGATGCCCGCTCCAAATGATGATACGCATGAACTCTCTCTCTGAGTTGCGCTGATGTACAATTAAAGAGTCTGACCGGACGGGCTGTAAAGCGTCCTGCCGATCGGGACATCACTTGGCAGCGCTAAGTTGTGCCTGATTTTGTCCCTGTAGGC;nan;;;
snoRNA-pred1237;20;Predicted;2736825;2736933;1;ENSDARG00000040184;syncrip;protein_coding;GAAGGCTGTCTGAATGATGAATTAATGTACACTGTTCTGGAGTAACGTTGTTACGCTGACAGTTTACCGCTAAGATCTGACTCGACAGCCTCTCCACATGTTAATATAA;nan;;;
snoRNA-pred1248;20;Predicted;10546307;10546580;1;ENSDARG00000090286;serpina1;protein_coding;TAGGCAAGTGGGAAAAGCCATTTGATGCAAAACTGACCCACAAAGCTGACTTCAAAGTGGACCAGGACACCACCGTACAAGTTGACATGATGAAAAGAACTGGCCGCTATGACATCTACCAAGATCCTGTCAACCAAACTACAGTCATGATGGTGCCCTACAAAGGCAATACATCCATGATGATAGTTCTTCCTGATGATGGGAAGATGAAGGAGCTTGAAGAATCCATCTGCAGACACCATCTTAAGAACTGGCATGATAAACTCTTCAGAAG;nan;;;
snoRNA-pred1292;20;Predicted;38624256;38624508;1;ENSDARG00000033916;si:ch211-243j20.2;protein_coding;TGTTCATGTGATGAGAGCCTTACTCAAATGAGTCTCCAGGTTTGCCTGAGCTGATGTGTGGTTTCCTGGACTGGACATGAAGAAAGTCAATTCCCTCTACCACACCAACAGAATTGATCATGTGAGCAGCTCTTTCTGAGGGTGTTGTAAAGAACCGATTCCCTCAAGCTCTCCATGACACAGTGCTTATAGCTTATGCTCAGGTCAGACGGAGATGTGCATGATTTTTAAAGGCATATCTGATGGCAGTGTG;nan;;;
snoRNA-pred6564;8;Predicted;16612068;16612275;-1;ENSDARG00000092337;CU467861.6;processed_transcript;CTTTAGTTATCTTGTATAGTGCATATGATGACCCTATTTGCTACTCTTGATTTCATGCTGATGAAATTGCAACCACCAAAATACCTTGTCTGAAGCACCATAAACCAATCTTTTTTTTTTTTTTTTTTTTTTTTTTTTTTGTCCATTTTGATATTTACAAGTTCTCTTTTCTTTGCAGGGTCATGTGCTCTGCAGTTCAACTTGAAGG;nan;;;
snoRNA-pred333;12;Predicted;3955450;3955676;-1;ENSDARG00000016443;eif3c;protein_coding;ACCCATGTATGTGTGGACGTGGCCTAAATTCACTTTGGGTCAGGTGACTTGCATACCTGTTTGGTTCATGATTTATCATTTTATTTTGTCAGGATGAAGAGTCTGAGAGTGATGATGATGAGGACAGTGAGGACTGGGCGTCTGATTCAGTGGGCAGCGACAGCGAGAGTGAAGACAATGATGGAACTGCAGCATCACTGGCTGTGGTCTTCCTCAAAAAGTATGTG;nan;;;
snoRNA-pred367;12;Predicted;17935593;17935844;1;ENSDARG00000100623;trrap;protein_coding;CATTTGACAGAGCATCTTATCAGACAAATATCTGTGTATGTCCAAGAGGAACAGCATGTTAAGTTTTTTTTATAAACATGATCAGCAGGAATACAATGATGAGAGCGATGAGCTTTAGTCCAGAGAATGGTACTGTGTGAACGATTGTGAGTGTTTGTTTGTGTGTGTGTGAGTGTGAAGTACCAATAATCCTGGACACTGAAAGTAAAACTGATAAGATCTGAGTGTTCAAATGCTGATCTGTGTTTTTAT;nan;;;
snoRNA-pred1052;19;Predicted;41000226;41000475;1;ENSDARG00000020007;col1a2;protein_coding;GGGTCCTCCTGGATCTCCTGGTCTTCCCGGACCCCCTGGCCCATCTGGAGGTGGATATGACACATCTGGAGGCTATGATGAGTACAGAGCTGACCAGGCCTCTCTTAGAGCCAAGGATTACGAGGTGGATGCCACCATCAAGTCCTTGAACACTCAGATTGAGAATCTGCTTTCCCCTGAGGGCTCAAAGAAGAACCCCGCTCGTACTTGCCGTGACATCAGGCTCAGCCACCCAGAATGGAGCAGCGGT;nan;;;
snoRNA-pred1024;19;Predicted;18622123;18622406;-1;ENSDARG00000100392;rps18;protein_coding;ATAAATTTATAAATGGTTCAATTTAACTTATGAATTGAATCCATTTCCAAAAAAATGGAGTGCTTCTTTGAGTACATTATTATTTTTACCTAGGTCCTTGCTAATGGTCTGGACAATAAACTGAGAGAAGATCTGGAGAGGCTGAAGAAGATCAGGGCTCACCGTGGTCTCCGTCACTTCTGGGGGTAAGTTCCACCTCTGATGCTTTAAAGTACTTCAAGCCGAACATACCGATTTATTTATTTAGACCTGACCTTTGACATGGATGCCATCAGGTCCAGTCA;nan;;;
snoRNA-pred1017;19;Predicted;16027816;16028012;-1;ENSDARG00000030700;ctps1a;protein_coding;TAATTTTAGTGTTGCACGTATGCGAGAATCAGTGCTCCTAATTTGCGCTTCATTCTCTAACTACGTGCTAAATTAATGGGGAGCCTTTGACCGCCTGTCTGCTGGTGTCTGTGTCGGTCACTCTACTGTCCAACATAAACCAACTGGTTGCGCATGATGACTCCCCATCTGGGTCCAAGATTAACCCCTATAGTTTA;nan;;;
snoRNA-pred1015;19;Predicted;12037674;12037894;-1;ENSDARG00000012040;rnf19a;protein_coding;AATGAGATCTGGAGGGCATGAAAACAGGCTCTTAAAGCACTAGAGCTTTGTTGATACTCACCTCCTATAGTAAACCAGTTGTGGTGATTAGAACAGGCTGACTTTTGCAAGTGTGATGCGGCCTACTAACACCACACACATGTAGAAAAAAAAATAATACAAAAAAATGTAAATCATGAACACAAAAATATATGATATGCAGTATTCTTTAACATTTTAAG;nan;;;
snoRNA-pred1846;23;Predicted;44620728;44620945;1;ENSDARG00000039007;eno3;protein_coding;GTGTTGTGCAGCTCTGGAGCTGCTGAAGTCTGCCATTGAGAAGGCTGGATATCCAGATAAGATCATCATCGGCATGGATGTGGCAGCATCAGAGTTCTTCAAGAGCGGGAAATACGATCTGGACTTTAAATCTCCAGACGATCCAAAGCGTCACATCACCGGAGAACAGCTGGGAGATCTGTACAAGAGCTTCATCAAGAACTACCCAGGTAGACACA;nan;;;
snoRNA-pred1786;23;Predicted;12904585;12904813;-1;ENSDARG00000058212;ndnl2;protein_coding;ATTTTTTTTTTTTTTTTAAATTTTATTTTTTTTTTTTTTAACAACACTTCTGGGTTTATTTTCAGCTGAGTTGGTGTGTTCAGAGCTTCTGTTCCTTAGACCATGGACAGGTGGTTTATATCACACCATAGACAATAAAGGAGTTTAGTGGAATGAAGATAGAGAAAGATTCATGGTCTTCATCAGATAACTCCTGACAAGTTTTTTTTTTCTTTTTTCTTATAAAACC;nan;;;
snoRNA-pred1754;23;Predicted;1096952;1097127;1;ENSDARG00000036864;slc34a2b;protein_coding;TGGAGTGTGTCCTGTCATATGATAGTCAGCGCAGGTGCTGCAGTCCTGCTGTCTGATGAGCTGAACAGGAACAGTAAATGACCTGAGTGTGTCTGAGAGCCGCAGGGTTGTTTATGTGCAGGTGCTGCTGGTTTCAGACATCACTCGGGTACATGCTTACTAAGAACTCCTCCAAT;nan;;;
snoRNA-pred1756;23;Predicted;2433234;2433440;1;ENSDARG00000017891;tcp1;protein_coding;CTGAATGTCCCATTTACATTTGCTGCCACACATCTGTGGTGTGTGTAGTTATACGCGTGGGATAAAGCATCATCTGCCTGAAGCCTGTTATATATGCAGATGCAGACATGTCTCTGTGTTAACTTTGGGCTGGACAGCTGATTTGTTTTTAGAGAGATTAATAAACGTAAACCAAAAATAAATCAGGCACTTCCAGGTGCAGCGAGT;nan;;;
snoRNA-pred312;11;Predicted;38545779;38545986;-1;ENSDARG00000078473;nucks1a;protein_coding;TGAGAATAAATGATGTATTTGTGTGTGTTTTTGACAATTGTGTGTCCTCTGCAGATGATAGTGATGATGATAAAGAGGTGAGCAGGAAACCGAGGCAGGTGAGACAGGCTGCGTCAAAGGCTGTGTCCAAACAGAGAGAAATCCTGCTGGGAGACGGAGGCAGTGAGGATGAGGAGAAGGATGAGGAAGAACAGGCCTTCCTGGACCG;nan;;;
snoRNA-pred130;10;Predicted;9610065;9610254;1;ENSDARG00000063050;rc3h2;protein_coding;GTTTGTGCTTGGCTGTCAGTGATGATTGCTCATAGGGCAGATTCTGAATGGGAAAACATTGATTTCCCCGTCTGATCTCATTTTGAGTTTTCGAGTCTGAGAACACCAGAGCATAACTCAATTCCTCCAGCCTGACGAGTTCACGTTGATCTCAGCTCTGACCGTATGTCTTCATCTGTGTGTATTTCAG;nan;;;
snoRNA-pred131;10;Predicted;9642424;9642665;1;ENSDARG00000063050;rc3h2;protein_coding;CCTATCGTATAACTATTATATTTTGAGCACTTTTGATTTAAAAAACAGAGCTAATACAGTTTCTCTTCTATATAATGTTGGTGTCAATGATGATTACTCATAGGGCAGATTCTGAGTGGGGGAACATCTCTCACCTGATCTCAAAATTGAGTTTCTAGTCTGAGAACACCAATCAACACAGGTGACTTGTTTTTGCTCTTAGGGTTGGGTTTGTTTCAGAGCTCAGTGTGTCTGTGTTTCAG;nan;;;
snoRNA-pred132;10;Predicted;9643033;9643285;1;ENSDARG00000063050;rc3h2;protein_coding;CCATGCTAGAAACCCATGCTGTTGGAGAGATCATATTTGAATGCTGAAAACATGAATGTCACCAGTCATATTTACGAGTGGGAAACTCTTAATTATTTTTGTCAAGGTTTTCTTTCAACGCTGTAGGCTACATTATTTTTTGGTGTCAATGATGATTACTCATAGGGCAGATTCTGAGTGCGAGAACATCTCTCACCTGATCTCAAAATTGAGTTTCTAGTCTGAGAACACCAAAGATAATGAAGAGCAACAT;nan;;;
snoRNA-pred1879;24;Predicted;21624840;21625012;1;ENSDARG00000010516;rpl21;protein_coding;TTTTAATTTAGAACACCCCAGATTCACTTTGCCATAAGGGCCATCTAGTGTCCTGTGTGGTCATTCATATGGGGGAGAGCAATCATCCTTATGCACCCTGGAGAGGCACATTAATGCCTTTACCGGATTGTCAATATGGAAACATGCCTCTCATTGCTAATGCTTGTAAATGT;nan;;;
snoRNA-pred1870;24;Predicted;16984239;16984449;1;ENSDARG00000008292;eif2s3;protein_coding;TTTTTTATCATTGCAAGCTACACTCTGAGTCAAAAGCTAGCAATAGCAATTATTTGATTCAATTTAAGCTTGCAACAGCAAATAACAGCTTCCCTTCTCTAGGGTAAAACATTTTTACCCTTTCATAGAGGCTGTTACAAGTTTTAAACTAGGGTTGAGTGAATAATTGAAATTGAATTGTAACTTTCATTATCATGCACATCTTGTCAGG;nan;;;
snoRNA-pred1879;24;Predicted;21624840;21625012;1;ENSDARG00000113148;AL929009.3;protein_coding;TTTTAATTTAGAACACCCCAGATTCACTTTGCCATAAGGGCCATCTAGTGTCCTGTGTGGTCATTCATATGGGGGAGAGCAATCATCCTTATGCACCCTGGAGAGGCACATTAATGCCTTTACCGGATTGTCAATATGGAAACATGCCTCTCATTGCTAATGCTTGTAAATGT;nan;;;
snoRNA-pred1884;24;Predicted;23746462;23746762;1;ENSDARG00000106560;MCMDC2;protein_coding;CGTTTATCCCATCAGACCAAATTTCATTTTTGTCTAGGTCTGCTTTCTCAGGTCCAATTACAAATGGGTAACAGGAAGTGCTAAATAAATAAAGGCTGGTAAGTTTCATATCTTTGTACCAAATTTAAATTTGTAAAATGCTTGTTGCAATGATGAATATCACACTTTCGCCGTTTACCCATCAGACCAAATTGGGATGCTGATGCTGTGACAATCTGAAGCAACAGCAGAGTTGACTAACATGTAACCCATTTGAGATTTGAATAACATTAAGTTTTGTCTACTACTTCTGCTTTCTCAG;nan;;;
snoRNA-pred1865;24;Predicted;12839600;12839759;1;ENSDARG00000075113;nanog;protein_coding;AACGTGTCCATGCTGTTGCTTGTTTTGTCTGGTTTGTGTCAGAACTGATTAGTGTGGACGCAGAACATGTTATCATCTACAAAGGAGACTTTTCAGTAGTTTGAATAACGTCTTAAAGGCACGATGATACAAGTTACATTTCAAAGCACTTCAGTAGAAC;nan;;;
snoRNA-pred546;15;Predicted;425320;425581;-1;-;-;-;GTGTGTGTGTGTGTGTGTGTGTCTGTCTGTCTGTCTGTGTGTGTATCTGTGTGTGTGTGTGTTGTCTGTGTCTGTGTGTCTGTGTGTGTGTATATGTGGGCGATGATGACAGTGTTTAGCACCTGAAGCGCATGTGTGTTCTGCACAGGTGTGTGTAATGAAGGTCTCTACACTTGAACTGAGCTCAGATGATGATCAGGTTTGTGTTTGTGTGTGTGTGTGTGTGTGTGTGTGTGTGTGTGTGTGTGTGTGTGTGTGTGTT;nan;;;
snoRNA-pred749;16;Predicted;24898052;24898370;1;-;-;-;CTGACAGTCTGAACAGCATAGCCCCCTTTTTTTACAGGTGCTTTAAATGTTTTTGGAATTGAAGACATGGTGTAATTGTGCTTTTAAATTCCAGCAATATGGTCCTGTTTTTTTACACAGTATGTCTCTTTGTCCCTGAGACCCTTAACCTGTGAGGTCAAACTAGGTCACAGGTGAGGTCCTCAGGAACAGGGCTGCATGCGTCGTCATCCCCAAACGTCAATCAGAAGAGGAACATTTTTCTTTTAATATGTCTTTTAGTCATATTTATAAACATTTTTCAGAGTCTGATAAAAATAGATGCGTTATGTTTTGATTT;nan;;;
snoRNA-pred1020;19;Predicted;17354028;17354171;1;-;-;-;TTAGTTGGTCATGTTGTTGATGCTCTGGTGTCTGTCAGTATGTTGGAGCCTAAGCTGTTTGACCTAGACTAAAACTGAGGCAGTTACAGGTGTGGGCAATTTTGCAGCAGCTTGATGTTCATGTATGAAACTGCATACACTATT;nan;;;
snoRNA-pred1173;2;Predicted;30177370;30177606;1;-;-;-;TCTTTGATGCGTTTTGACTTCAGAGACTCATGCTTCACAGTGCATATCAGTAGAAACTGAAGTGTCACAATAAACAGATGCCAAGAAATAAATCTCAAAACCAGTGTGTGTGTAAATGATTTTATTTTCTTCACAGACCAACAGCAGAGAATGTTCCAAAAACCTGAAGAAAAAAAGAAAGAGGGGGTATCAATAGAAGTTCTTAGCAGAAAAGCAGATTCAACAGCCCTAACATTT;nan;;;
snoRNA-pred1255;20;Predicted;16427785;16428076;1;-;-;-;ACAGTACACTCATGTTTTTCCTCAGATCGTATAAATCTTTCGCCTTTTACTAAAGATTTCCGTGGGGAAGAACACTATGAGTATAAACTAATTTTTTGATGCCCTGCCGATAGGCGGGGCTTCCTATGATGGTGAAGAATAGACTTGACACGCAAGATATTTGGTAATCTCGAGTGAATCGTCGGATTTATTTATGGAAATCGGGCACTTTTATTTATAACGTTGTATATTGTTTAAAAGGGACTAATATTTACGTAAATTAATTTTAAAAGTTAAAAAATGAAACAAGCAT;nan;U5;;
snoRNA-pred2226;4;Predicted;28693255;28693504;1;-;-;-;GGTAAGTGCTATTTGTTGGGGTAGTTTCAAGTGACCTGTGCTACAAGAGAATGTTGTCTTTTGGAATTCAGAGTGGCATCTGCATGCCTTGCTTATTAAATTTCAATCTAAAGCACATTAAGATCACTTCAAACAGGAGCATTGATTTGTCCTTTGTTCATAAGTGCTTCTCTTTGGGGTAGTTTTAATAAGGACAAGAACAACAAGCAAGACTGAACCCATTTTGTATGGAATTGCATTGTTTACTATT;nan;SNORA76;;
snoRNA-pred5999;5;Predicted;9440230;9440354;1;-;-;-;TCAGAGCTTCGGTGTAGTTTTCAGTTTCAAAATAAGAGCACGTGGTCAATGATGACGTAACAGAGCTGCGCCGTCTGACGCAACTGATGATGTGCTAGGCTGAGTGAACCTGAGACCACAGCAAT;nan;;;
snoRNA-pred6260;6;Predicted;364200;364318;-1;-;-;-;ATGATGGTGGTCAATGATGACTAGTCCACTGCGCAAACTGACACGCGAATCCCTCGCAGTGTGAAGAAAGCAGTGCTGATCTCAGTCTGAGCTCCATTCATCCAATCACTCTTTAGATA;nan;;;
snoRNA-pred6484;7;Predicted;27043921;27044156;1;-;-;-;TTTCTTCTACAGCGAATCCTCCACAGCTTCTGCATTGGTGGCATAAATTTGCAGTTTTTGGAGAAATAAAGATATTTGGATCACTTCATGTGTTTGTGGTGTTTGTCTTAGTTGGGCACAGAACTGTAACGGGTCCAATATTTTCAATGGTCAAAAACAGTTTACGTATGCTACTGCTAAGAAAGTCGACCTTTTAAACATTTAATTTGCAATGAATCAACTGAATATTTACATGT;nan;;;
snoRNA-pred7060;KN149795.1;Predicted;21071;21280;-1;-;-;-;ATTTATCCGAGTGTGTTCTGTGATGAAAACGCTATATAGGAAGTGCCGTCTGATGCGATAACTGACGATGGCAAAGCAAAATCTTTCTGAGACGCACTAATTATACAGATATCAGGCACACAATTCGTTTTAAAAACACATTCTGACCAGTCACCTTCTTTTTACAGGTGATCATCTGCATGTGAACAGATCCAAAGTCCTGAGGGTCGA;nan;SNORD49;;
snoRNA-pred7137;KN150173.1;Predicted;14456;14715;-1;-;-;-;CGAGTTGATGGTAAGTGAACTGAGCTTGGACCACAAATCTGGTCATGTGATGAAATAAATGTGTGAGCCGCTGATGACTTCTATTTTAACTTTTTCTGACACCTCGTATGAATGCTGTATTTCAGCAGCTGATTATAAACTTTTAGTCTGAGGCTCTTTAGATTAATGCTTTGTTTAGAGTTCTCACATTTTGGCTTGGAATGTTTTTGGAGATGCCTTAATAAATTTAACCATTTTGTTGCTGTAAACCTTTATGATGT;nan;SNORD60;;
snoRNA-pred7139;KN150173.1;Predicted;15911;16025;-1;-;-;-;TGAGCCGATGATGACTTCAATTTACTTTTTCTGACACCTCGTATGAACGCTGTAATTCAGCAGCTGATTATAAACTTAAGTCTGAGGCTCTTTAGCTTTTAAAGCTTGAGATTTT;nan;SNORD60;;
snoRNA-pred7191;KN150487.1;Predicted;16728;16846;1;-;-;-;GACCACTGGATGATGATATAATGACCAAACACTGACCTCAGATCAGCTGAACTGACCATACACTGAGCACTGATTGAACACACACTGATCCCAGATCAGCTGACAGGACTCTCTGACAC;nan;;;
URS00006E0A43_7955;14;RNAcentral;11617045;11617261;-1;-;-;-;AAGACTATACTTTCAGGGATCATTTCTATAGTTCTTAACTAGGAAATGTGTTTCTAAAGTGATGAGTCTCCCAAACCACGATGATGATTCTTGATACTCTTTTCTTAGCGTGAATCAGATGCAGAGAGGTGATTCAATTCATGTGTTCTGGATCATTGATGAATGTTCCTCGTTGTGTCTCACAACAGAGGAGGAAAAGAGTATGAGCAGAGTGGCT;nan;U3 / ACEA_U3;;
URS0000714AB3_7955;20;RNAcentral;3326409;3326625;-1;-;-;-;AAGACTATACTTTCAGGGATCATTTCTATAGTTTCTCACTAGGAAATGTGTTTCGAAAGTGTTGTGGCTCCCAAACCGTGATGAAGAGTATTGATGCTCTTTTCTAAGCGTGAATCTGGTGTAGAGACATGGTTTGTCTCATATGCTCTACACTGTTGATGACTGCTCCTGACTGTTTAACACAGTTTTGGAGGAAAAGAGCATGAACTGAGCGGCA;nan;U3 / ACEA_U3;;
URS000062A271_7955;20;RNAcentral;3331455;3331671;-1;-;-;-;AAGACTATACTTTCAGGGATCATTTCTATAGTTTCTCACTAGGAAATGTGTTTTGAAAGTGTTGTGTCTCACAAACCGTGATGAAAAGTGTTGATGCTCTTTTCTAAGCGTGAATCTGGTGTAGAGAAATGATTTGTCTCATACGCTATACACTGTTGATGACTGCTCCTGACTGCTTAAAGCAGTTTTGGAGGAAAAGAGCCTGAACTGAGCGGCA;nan;U3 / ACEA_U3;;
URS0000A88D14_7955;21;RNAcentral;7144195;7147649;1;-;-;-;TTGGTTTTGCCCTGTGAGACGTAACTCTGGCCTCGATGCCACTGTTGTGCCAAAAGTGGGCAGAAAGAAACTGGCTTGTGATCGACCCTGCTGTCCTGCTCTGTGGACTAGGGGCTTGGAACGAGGCCGAATATTCAAACCCAGACCTATGTGTGTATGTGTGTGTCTGTGTGTCCTGATGTCAGTCTTTTAATAGTGTTTCCCAATTCTGTTCCTGAAGGCACATCGACAGTATTTACCTTATTCTTCGCAGACGAATATTCTTCATTTACTTCCATTCATTTTTAGACATTAAATACTGCTCGTTACACTGTTTGATGTGGCAAACTGATATTTTTTTCTTATATTATTCTACTTGGTCTGTATAGTCATGCAAACTTTTGTTTGTAGAGCAACTAGTTTGACCGTTTTCTGCCGTTTATTATTCCTAGTCATTTCTCCCATTGGCGACTGAATCAGAAGTTCTAAAACAATCGCGAAAACAGGCGCACTTCCGCATTTTAGAATAAGGTCAATATATTTTCAACCCCTCCCTCATCACACACCTGAATCAACTCAGGACATTAGAAGTGACTCCAAAACTTCAAATGAATGGGTTAGATAAGGGAGACATCCAAAATATGTACTGTTGGTGTGCCTCCAGGAACAAGGTTGGGAAACACTGTTAATAAACCCTTTCCAAATTAGATTTTTAATATATTTTAGGATTAGATTTGAAGTTTTTTTGTAACCAGATGTCATATTGGACCTACAATATTTGTTCTGCACAATTACTCTTACAGTGAAATGCATTCTCCTGGACTGTCCTGCTTTTAATGATTGCACAAGACTACATGAAATGAACCCGCTTAAGGAGATATTCAGCAAAGTGTCGCCAGGAAAAATGTGAGAATGTTTATCATGTATTACTGTATTAAAATGTTATCCAATTTATGTATTTATTTGTTTGTTATGTTTAATTGTATGTTTATTTATGAAATGTTTTTGTCATGAAAATATCCTGTTGCTGACATGGCATTCAAAACAAAAAGATATATAATATGATATAGGTGGCATGATGGCTCAGTGGTTAGTAGTAATGTCGCCTTATAGCAAGAAGGTCGCTGCTTCAGGTCCCAGCTGGACCAGTTGGCATTTCCGTTGTGGAGTTTGCATGTTCTCCCCATGTTGGTGTGTGAGTTTCCTCCGGGTGCTTCAGTTTCCCCCACAGTCCAAGGACATGCGCCATAGGTGAATTGGAATTTTTTATTATTTTTCTTTGTTTTATTTATACATTGTGAAACATTACAAAAATTTACAAAGACATAAACATGTAACAATAAGCAAATACACTGAAGAGTATTTTGAGCAAATAATAATAATAAAAATAAATAAATAATAATAGATAATAATAAAATAATGAAAATAAATAAATAAATAAAAAACAACAACACTAGTGCAATCTTATATACAGAAAAACAAGTCTACAATGTGTTGACCAGAGATAGTTTCCTGTAAAAGCTGGGCATTAGGGGGTGGGGACTCAATCAGAAGGAGCAGGGTCAAGCTGAAGAGTTTGGACATATTTGCGATGGGGCTCCCACAATTTAATAGGTGAATTGAATTAACTAAATTGTCTGTAGTGTATGAGTGTGAATGAAAGTGTATGGGTGTTTCCCAATACTGGGTTGCAACTGGAAGGGCATCCGCTTCGTAAAACTGGAACAGTTGGCGGTTCACTTCGCTGTTGCAATCTCTGAAATAGAGACTTGAGGCTGATTTATACTTCTGCGTCAAGAGCATGCATAAGCTCCGGCACAGTTGCATAGCACCCGCCATGGCTGAAGCTGACGCTGATACACACCTCTCTAAAAACGTAACTACACTTTGCAACACCATGTAGCAGAAACTCTGAGATTGGTTGGTTTGGTAGTGGTGGCAAGTGTGGGCGGTGCAGAGAGCCGTGAGCCCGATGGAGCGATTGCTTACAAGTGTTGAGTCCTGTAAAGGATCTCCAAATGGATACTTTTGTTTTGTGTTGACAGACATCCCAAGTTGGGAAAAGTAATTTCCGGGGGAAAGAGAGATGATTTGTCCGAGGTTTGAAGGAGGTGGGGGGGGGGGTTGCGTGTGACGTAGCTGAATAGGAAGGTTTGAGTATGCGCACGACACATCTGAAGAGCGGAGGGGGAGTTGGACGCGACGTACCTGAAGAGCTTGGAGGGATGCGGTGGAGAGAGGATGTTTCATTTTTGTAATGCTACCTTAATGGGCTTCTAATTGGCCCCTATTGTTTGAGATGTAAAATAAGTCTTAGTTGTCTCTAGAACAGTGGTTCTCAAAGTGGGGGTCGGGACCCACCGAGGGGTCGCGGGACAATGAAGGGGGGGTCGCCTGGTGATTTCCAAAAATCTATTTATTTTTATTAAACCATAAGAATTACCATTTTAATCCATAACCTACTAAAAAAATTGTCGTTTACAGTTACTAAATACACTACTGTATATAGTTACTATAGTAGCTTATAGTTACTAGTTCTATTGGATTGCGACCCCTCACGTAATTACATTATATTAAAGACTCAGCAATAGTGTCAGATGCAGCAGATTGATTTTATAATACCAGGTTAAACTTTCTGGCACATTTACAGCACTGACATACATTAAAAAAATATAACGAAGAATAGACTTGGGTTTATTGGTGTGTGTGCGCCCCATTGCATGCAAGGTTTCTGTATTTATAACCACCTCAGAGGATATTGGGGGTCGCAAGTTACTGGCATTGTTATTTTGGGGGTCGAGAGCTGAAAAGTTTGGGAACCCCTGCTCTAGAACATTGTGGACAAACTCGGTCCTGGAGGGCCGGTGTCCTGCACAGTTTAGCTCCAACTCTAATCAAACACATCTGCTTCTAGATTTCTAGTGATCTTGAAGACACTGATTAGCTTGTTCAGGTGTGTTTGATTAGTGTTGGAGCTAAACTGTGCAGGACACCGGCAATCCAGGACCAAGTTTGCCCACCCCTGCTCTCGAATATGTCTGTAAAGTTTCAGCTCAAAATACCTATCAGATCATTTAATATATCCTGCTGAAAATGTCAATATTGGGGTCAGAGGAAACTAGCTGTTTTTGTCTGTGCCTTTAAATGCAAAAGAGCTGCTTCTCCCCACTCGCCATTCCGACATGCAGCGTCTGCTTCTACTGCACCATGTGTCAGATAAACAGCACAGAGACAGACTCAAATGAAGCAGAGATCCAGTTTTTGGCTGGTTGCCTGTTTAAATCAAAATATCTTCTTTTGTGCTTGCAGGTTTCCAGCATTTTTCAAAATATCTTGTGTTCACTGGAAGAAAAACACAACTAGACTTTGAACAGAAAGACGAAAAGTAAATGATGACGCAATTTGAAGTTTTTGGTGAACTGTCCCTTTAAGCCAGTCCAACCCTGAACAGATTGCCTGCACTGCAAGCTGGACTA;nan;SNORA17;;
URS00006B946E_7955;21;RNAcentral;7144199;7144329;1;-;-;-;TTTTGCCCTGTGAGACGTAACTCTGGCCTCGATGCCACTGTTGTGCCAAAAGTGGGCAGAAAGAAACTGGCTTGTGATCGACCCTGCTGTCCTGCTCTGTGGACTAGGGGCTTGGAACGAGGCCGAATATT;nan;SNORA17;;
URS00006B21FE_7955;8;RNAcentral;37226232;37226328;1;-;-;-;GATCCTTGAGGTTCATACAACATGATGATTGGTCTATCACGACTGTTCGTGAAATGTGCAGCCCTTTGTTACGACGTGGCACATTGACCGTCTGATT;nan;snoU13;;
URS0000677FC1_7955;KN149795.1;RNAcentral;17231;17300;-1;-;-;-;TAAAGCCTGTGATGATAGAAGTTATCCCTGTCTGAAAACTGTGTGGACTTCTGGTAACCTGAGGCTTGCC;nan;snoR38;;
URS00006D3DBC_7955;KN149795.1;RNAcentral;21188;21265;-1;-;-;-;TTCTGTGATGAAAACGCTATATAGGAAGTGCCGTCTGATGCGATAACTGACGATGGCAAAGCAAAATCTTTCTGAGAC;nan;SNORD49;;
URS000068E66F_7955;KN150173.1;RNAcentral;14559;14650;-1;-;-;-;AGCCGCTGATGACTTCTATTTTAACTTTTTCTGACACCTCGTATGAATGCTGTATTTCAGCAGCTGATTATAAACTTTTAGTCTGAGGCTCT;nan;SNORD60;;
URS000068EA6F_7955;KN150173.1;RNAcentral;15258;15346;-1;-;-;-;AGCCGCTGATGACTTCAGTTTACTTTTTCTGACACCTCGTATGAACGCTGTAATTCAGCAGCTGATTATTAAGTTTAGTCTGAGGCTCT;nan;SNORD60;;
URS00006B2451_7955;KN150173.1;RNAcentral;15935;16023;-1;-;-;-;AGCCGATGATGACTTCAATTTACTTTTTCTGACACCTCGTATGAACGCTGTAATTCAGCAGCTGATTATAAACTTAAGTCTGAGGCTCT;nan;SNORD60;;
